case_id,docket_number,court,docket_id,entry_id,entry_number,date_filed,reviewed,bad_ocr,h_scheduled,h_rescheduled,h_held,h_cancelled,d_set,d_rescheduled,d_met_filed,d_cancelled
us-v-ding,3:24-cr-00141,cand,68317014,380436734,1,2024-03-05,1,0,0,0,0,0,0,0,0,0
us-v-ding,3:24-cr-00141,cand,68317014,380436733,3,2024-03-05,1,0,0,0,0,0,0,0,0,0
us-v-ding,3:24-cr-00141,cand,68317014,380436731,5,2024-03-06,1,0,0,1,1,0,0,0,0,0
us-v-ding,3:24-cr-00141,cand,68317014,380436730,6,2024-03-06,1,0,0,0,0,0,0,0,0,0
us-v-ding,3:24-cr-00141,cand,68317014,380438141,7,2024-03-06,1,0,0,0,0,0,0,0,0,0
us-v-ding,3:24-cr-00141,cand,68317014,380438139,8,2024-03-06,1,0,0,0,0,0,0,0,0,0
us-v-ding,3:24-cr-00141,cand,68317014,380436732,,2024-03-06,1,0,0,1,0,0,0,0,0,0
us-v-ding,3:24-cr-00141,cand,68317014,382361246,10,2024-03-27,1,0,0,0,0,0,0,0,0,0
us-v-ding,3:24-cr-00141,cand,68317014,382361237,11,2024-03-27,1,0,0,0,0,0,0,0,0,0
us-v-ding,3:24-cr-00141,cand,68317014,382387579,13,2024-03-27,1,0,0,0,0,0,0,0,0,0
us-v-ding,3:24-cr-00141,cand,68317014,382555835,14,2024-03-29,1,0,0,0,0,0,0,0,0,0
us-v-ding,3:24-cr-00141,cand,68317014,383917853,17,2024-04-01,1,0,0,0,0,0,0,0,0,0
us-v-ding,3:24-cr-00141,cand,68317014,382892391,15,2024-04-02,1,0,0,0,0,1,0,0,0,0
us-v-ding,3:24-cr-00141,cand,68317014,382892374,,2024-04-02,1,0,0,1,0,0,0,0,0,0
us-v-ding,3:24-cr-00141,cand,68317014,385155622,16,2024-04-08,1,0,0,1,0,0,0,0,0,0
us-v-ding,3:24-cr-00141,cand,68317014,398487933,18,2024-05-22,1,0,0,1,1,0,0,0,0,0
us-v-ding,3:24-cr-00141,cand,68317014,392190450,19,2024-05-30,1,0,0,0,0,0,0,0,0,0
us-v-ding,3:24-cr-00141,cand,68317014,392236656,20,2024-05-30,1,0,0,0,0,0,0,0,2,0
us-v-ding,3:24-cr-00141,cand,68317014,393137404,21,2024-06-07,1,0,0,0,0,0,0,0,0,0
us-v-ding,3:24-cr-00141,cand,68317014,398487934,22,2024-06-10,1,0,0,0,0,0,0,0,0,0
us-v-ding,3:24-cr-00141,cand,68317014,393494723,23,2024-06-12,1,0,0,0,0,0,0,0,0,0
us-v-ding,3:24-cr-00141,cand,68317014,398487935,24,2024-06-13,1,0,0,0,0,0,0,0,0,0
us-v-ding,3:24-cr-00141,cand,68317014,393649398,25,2024-06-13,1,0,0,0,0,0,0,0,0,0
us-v-ding,3:24-cr-00141,cand,68317014,393649341,26,2024-06-13,1,0,0,0,0,0,0,0,0,0
us-v-ding,3:24-cr-00141,cand,68317014,393677657,27,2024-06-13,1,0,1,0,0,0,0,0,0,0
us-v-ding,3:24-cr-00141,cand,68317014,393774693,28,2024-06-14,1,0,0,0,0,0,2,0,0,0
us-v-ding,3:24-cr-00141,cand,68317014,394411273,29,2024-06-21,1,0,0,0,0,0,0,0,0,0
us-v-ding,3:24-cr-00141,cand,68317014,394705766,30,2024-06-25,1,0,0,0,0,0,0,0,0,0
us-v-ding,3:24-cr-00141,cand,68317014,394778222,32,2024-06-26,1,0,0,0,0,0,0,0,0,0
us-v-ding,3:24-cr-00141,cand,68317014,394782801,33,2024-06-26,1,0,0,0,0,0,0,0,0,0
us-v-ding,3:24-cr-00141,cand,68317014,394968784,34,2024-06-27,1,0,0,0,0,0,0,0,0,0
us-v-ding,3:24-cr-00141,cand,68317014,395070382,35,2024-06-27,1,0,0,0,1,0,0,0,0,0
us-v-ding,3:24-cr-00141,cand,68317014,415597004,36,2024-08-28,1,0,0,1,0,0,0,0,0,0
us-v-ding,3:24-cr-00141,cand,68317014,415597005,37,2024-08-28,1,0,1,0,1,0,0,0,0,0
us-v-ding,3:24-cr-00141,cand,68317014,406167337,38,2024-10-24,1,0,0,0,0,0,0,0,0,0
us-v-ding,3:24-cr-00141,cand,68317014,406222011,39,2024-10-25,1,0,0,0,0,0,0,0,0,0
us-v-ding,3:24-cr-00141,cand,68317014,406237814,40,2024-10-25,1,0,0,0,0,0,0,0,0,0
us-v-ding,3:24-cr-00141,cand,68317014,406237806,,2024-10-25,1,0,0,1,0,0,0,0,0,0
us-v-ding,3:24-cr-00141,cand,68317014,415597007,41,2024-12-10,1,0,0,1,0,0,0,0,0,0
us-v-ding,3:24-cr-00141,cand,68317014,411438785,42,2024-12-18,1,0,0,0,0,0,0,0,0,0
us-v-ding,3:24-cr-00141,cand,68317014,415597008,43,2024-12-18,1,0,1,0,1,0,0,0,0,0
us-v-ding,3:24-cr-00141,cand,68317014,415593794,44,2025-02-04,1,0,0,0,0,0,0,0,0,0
us-v-ding,3:24-cr-00141,cand,68317014,415663810,45,2025-02-05,1,0,1,0,0,0,0,0,0,0
us-v-ding,3:24-cr-00141,cand,68317014,415947528,46,2025-02-05,1,0,1,0,1,0,0,0,0,0
us-v-ding,3:24-cr-00141,cand,68317014,416173648,47,2025-02-10,1,0,0,0,0,0,0,0,0,0
us-v-ding,3:24-cr-00141,cand,68317014,416249439,50,2025-02-10,1,0,0,0,1,0,0,0,0,0
us-v-ding,3:24-cr-00141,cand,68317014,416228754,48,2025-02-11,1,0,0,0,0,0,0,0,0,0
us-v-ding,3:24-cr-00141,cand,68317014,416241622,49,2025-02-11,1,0,0,0,0,0,0,0,0,0
us-v-ding,3:24-cr-00141,cand,68317014,416368891,51,2025-02-12,1,0,0,0,0,0,0,0,0,0
us-v-ding,3:24-cr-00141,cand,68317014,417669096,55,2025-02-12,1,0,18,0,0,0,0,0,0,0
us-v-ding,3:24-cr-00141,cand,68317014,416368810,,2025-02-12,1,0,2,1,0,0,0,0,0,0
us-v-ding,3:24-cr-00141,cand,68317014,416890494,53,2025-02-18,1,0,0,0,0,0,0,0,0,0
us-v-ding,3:24-cr-00141,cand,68317014,417571550,54,2025-02-25,1,0,0,0,0,0,0,0,0,0
us-v-ding,3:24-cr-00141,cand,68317014,417838343,57,2025-02-27,1,0,0,0,0,0,0,0,0,0
us-v-ding,3:24-cr-00141,cand,68317014,418223455,60,2025-03-04,1,0,0,0,0,0,0,0,0,0
us-v-ding,3:24-cr-00141,cand,68317014,418223285,61,2025-03-04,1,0,0,0,0,0,0,0,0,0
us-v-ding,3:24-cr-00141,cand,68317014,418223246,62,2025-03-04,1,0,0,0,0,0,0,0,0,0
us-v-ding,3:24-cr-00141,cand,68317014,418278641,63,2025-03-04,1,0,1,0,0,0,0,0,0,0
us-v-ding,3:24-cr-00141,cand,68317014,418354205,64,2025-03-05,1,0,0,0,0,0,0,0,0,0
us-v-ding,3:24-cr-00141,cand,68317014,419073950,65,2025-03-12,1,0,0,0,0,0,0,0,0,0
us-v-ding,3:24-cr-00141,cand,68317014,419104486,66,2025-03-12,1,0,0,0,0,0,0,0,0,0
us-v-ding,3:24-cr-00141,cand,68317014,419218220,67,2025-03-13,1,0,0,0,0,0,0,0,0,0
us-v-ding,3:24-cr-00141,cand,68317014,419218133,68,2025-03-13,1,0,0,0,0,0,0,0,0,0
us-v-ding,3:24-cr-00141,cand,68317014,419367872,69,2025-03-14,1,0,0,0,0,0,0,0,0,0
us-v-ding,3:24-cr-00141,cand,68317014,419457008,70,2025-03-17,1,0,0,0,0,0,0,0,0,0
us-v-ding,3:24-cr-00141,cand,68317014,419566408,71,2025-03-17,1,0,0,0,0,0,0,0,0,0
us-v-ding,3:24-cr-00141,cand,68317014,419682222,72,2025-03-18,1,0,0,0,0,0,0,0,0,0
us-v-ding,3:24-cr-00141,cand,68317014,419682165,,2025-03-18,1,0,0,1,0,0,0,0,0,0
us-v-ding,3:24-cr-00141,cand,68317014,419734952,73,2025-03-19,1,0,0,0,0,0,0,0,0,0
us-v-ding,3:24-cr-00141,cand,68317014,419768935,74,2025-03-19,1,0,0,0,0,0,0,0,0,0
us-v-ding,3:24-cr-00141,cand,68317014,419734946,,2025-03-19,1,0,0,1,0,0,0,0,0,0
us-v-ding,3:24-cr-00141,cand,68317014,420277032,75,2025-03-24,1,0,0,0,0,0,0,0,0,0
us-v-ding,3:24-cr-00141,cand,68317014,420373422,76,2025-03-25,1,0,0,1,0,0,0,0,0,0
us-v-ding,3:24-cr-00141,cand,68317014,420373413,,2025-03-25,1,0,0,1,0,0,0,0,0,0
us-v-ding,3:24-cr-00141,cand,68317014,420538594,77,2025-03-26,1,0,0,0,0,0,0,0,0,0
us-v-ding,3:24-cr-00141,cand,68317014,421624229,78,2025-03-27,1,0,0,0,0,1,0,0,0,0
us-v-ding,3:24-cr-00141,cand,68317014,421501250,80,2025-04-04,1,0,0,0,0,0,0,0,0,0
us-v-ding,3:24-cr-00141,cand,68317014,421676817,82,2025-04-08,1,0,1,0,0,0,0,0,0,0
us-v-ding,3:24-cr-00141,cand,68317014,428218494,83,2025-04-08,1,0,0,0,1,0,0,0,0,0
us-v-ding,3:24-cr-00141,cand,68317014,421914194,84,2025-04-09,1,0,0,0,0,0,0,0,0,0
us-v-ding,3:24-cr-00141,cand,68317014,422556822,85,2025-04-16,1,0,0,0,0,0,2,0,0,0
us-v-ding,3:24-cr-00141,cand,68317014,422867910,86,2025-04-18,1,0,0,0,0,0,0,0,0,0
us-v-ding,3:24-cr-00141,cand,68317014,422887203,87,2025-04-18,1,0,0,0,0,0,0,0,0,0
us-v-ding,3:24-cr-00141,cand,68317014,422891360,88,2025-04-19,1,0,0,0,0,0,0,0,0,0
us-v-ding,3:24-cr-00141,cand,68317014,423322961,89,2025-04-23,1,0,0,0,0,0,0,0,0,0
us-v-ding,3:24-cr-00141,cand,68317014,423323967,90,2025-04-24,1,0,0,0,0,0,0,0,0,0
us-v-ding,3:24-cr-00141,cand,68317014,423587571,91,2025-04-25,1,0,0,0,0,0,0,0,0,0
us-v-ding,3:24-cr-00141,cand,68317014,428218498,92,2025-04-28,1,0,0,0,0,0,0,0,0,0
us-v-ding,3:24-cr-00141,cand,68317014,423747607,93,2025-04-28,1,0,0,0,0,0,1,0,0,0
us-v-ding,3:24-cr-00141,cand,68317014,428218499,94,2025-04-28,1,0,0,0,0,0,0,0,0,0
us-v-ding,3:24-cr-00141,cand,68317014,423868504,95,2025-04-29,1,0,1,0,0,0,0,0,0,0
us-v-ding,3:24-cr-00141,cand,68317014,428218501,96,2025-05-01,1,0,0,0,0,1,0,0,0,0
us-v-ding,3:24-cr-00141,cand,68317014,428218503,97,2025-05-01,1,0,0,0,1,0,0,0,0,0
us-v-ding,3:24-cr-00141,cand,68317014,425176081,98,2025-05-12,1,0,0,0,0,0,0,0,0,0
us-v-ding,3:24-cr-00141,cand,68317014,426628345,99,2025-05-27,1,0,0,0,0,0,0,0,0,0
us-v-ding,3:24-cr-00141,cand,68317014,428218504,100,2025-05-30,1,0,0,0,0,1,0,0,0,0
us-v-ding,3:24-cr-00141,cand,68317014,427428359,101,2025-06-04,1,0,1,0,0,0,0,0,0,0
us-v-ding,3:24-cr-00141,cand,68317014,427458915,102,2025-06-04,1,0,0,0,0,0,0,0,0,0
us-v-ding,3:24-cr-00141,cand,68317014,427463174,103,2025-06-04,1,0,0,0,0,0,2,0,0,0
us-v-ding,3:24-cr-00141,cand,68317014,427487807,104,2025-06-04,1,0,0,0,0,0,0,0,0,0
us-v-ding,3:24-cr-00141,cand,68317014,428121653,105,2025-06-11,1,0,0,0,0,0,0,0,0,0
us-v-ding,3:24-cr-00141,cand,68317014,429427507,107,2025-06-24,1,0,0,0,0,0,0,0,0,0
us-v-ding,3:24-cr-00141,cand,68317014,438441872,109,2025-07-25,1,0,1,0,0,0,0,0,0,0
us-v-ding,3:24-cr-00141,cand,68317014,438441873,111,2025-07-30,1,0,0,0,0,0,0,0,0,0
us-v-ding,3:24-cr-00141,cand,68317014,438441874,112,2025-07-30,1,0,2,1,1,0,0,0,0,0
us-v-ding,3:24-cr-00141,cand,68317014,433499152,113,2025-08-01,1,0,0,0,0,0,0,0,0,0
us-v-ding,3:24-cr-00141,cand,68317014,433930501,114,2025-08-06,1,0,10,0,0,0,0,0,0,0
us-v-ding,3:24-cr-00141,cand,68317014,434155310,117,2025-08-08,1,0,0,0,0,0,0,0,0,0
us-v-ding,3:24-cr-00141,cand,68317014,434253193,118,2025-08-10,1,0,0,0,0,0,2,0,0,0
us-v-ding,3:24-cr-00141,cand,68317014,435963560,120,2025-08-26,1,0,0,0,0,0,0,0,0,0
us-v-ding,3:24-cr-00141,cand,68317014,436521131,124,2025-09-02,1,0,0,0,0,0,0,0,0,0
us-v-ding,3:24-cr-00141,cand,68317014,436539329,128,2025-09-02,1,0,0,0,0,0,3,0,0,0
us-v-ding,3:24-cr-00141,cand,68317014,436595406,129,2025-09-02,1,0,0,0,0,0,0,0,0,0
us-v-ding,3:24-cr-00141,cand,68317014,436595403,130,2025-09-02,1,0,0,0,0,0,0,0,0,0
us-v-ding,3:24-cr-00141,cand,68317014,436596914,131,2025-09-02,1,0,0,0,0,0,0,0,0,0
us-v-ding,3:24-cr-00141,cand,68317014,436596913,132,2025-09-02,1,0,0,0,0,0,0,0,0,0
us-v-ding,3:24-cr-00141,cand,68317014,436596911,133,2025-09-02,1,0,0,0,0,0,0,0,0,0
us-v-ding,3:24-cr-00141,cand,68317014,437195445,135,2025-09-08,1,0,0,0,0,0,0,0,0,0
us-v-ding,3:24-cr-00141,cand,68317014,437195438,136,2025-09-08,1,0,0,0,0,0,0,0,0,0
us-v-ding,3:24-cr-00141,cand,68317014,437313084,140,2025-09-09,1,0,0,0,0,0,0,0,0,0
us-v-ding,3:24-cr-00141,cand,68317014,437329039,141,2025-09-09,1,0,0,0,0,0,0,0,0,0
us-v-ding,3:24-cr-00141,cand,68317014,437329972,142,2025-09-09,1,0,0,0,0,0,0,0,0,0
us-v-ding,3:24-cr-00141,cand,68317014,437329969,143,2025-09-09,1,0,0,0,0,0,0,0,0,0
us-v-ding,3:24-cr-00141,cand,68317014,437329963,144,2025-09-09,1,0,0,0,0,0,0,0,0,0
us-v-ding,3:24-cr-00141,cand,68317014,437330963,145,2025-09-09,1,0,0,0,0,0,0,0,0,0
us-v-ding,3:24-cr-00141,cand,68317014,437330960,146,2025-09-09,1,0,1,0,0,0,0,0,0,0
us-v-ding,3:24-cr-00141,cand,68317014,437331265,147,2025-09-09,1,0,1,0,0,0,0,0,0,0
us-v-ding,3:24-cr-00141,cand,68317014,437331262,148,2025-09-09,1,0,1,0,0,0,0,0,0,0
us-v-ding,3:24-cr-00141,cand,68317014,437331260,149,2025-09-09,1,0,1,0,0,0,0,0,0,0
us-v-ding,3:24-cr-00141,cand,68317014,437332241,150,2025-09-09,1,0,0,0,0,0,0,0,0,0
us-v-ding,3:24-cr-00141,cand,68317014,437332240,151,2025-09-09,1,0,0,0,0,0,0,0,0,0
us-v-ding,3:24-cr-00141,cand,68317014,437332235,152,2025-09-09,1,0,1,0,0,0,0,0,0,0
us-v-ding,3:24-cr-00141,cand,68317014,437332530,153,2025-09-09,1,0,0,0,0,0,0,0,0,0
us-v-ding,3:24-cr-00141,cand,68317014,437332524,154,2025-09-10,1,0,0,0,0,0,0,0,0,0
us-v-ding,3:24-cr-00141,cand,68317014,437366555,157,2025-09-10,1,0,0,0,0,0,0,0,0,0
us-v-ding,3:24-cr-00141,cand,68317014,437428937,159,2025-09-10,1,0,0,0,0,0,0,0,0,0
us-v-ding,3:24-cr-00141,cand,68317014,437883361,161,2025-09-15,1,0,0,0,0,0,0,0,0,0
us-v-ding,3:24-cr-00141,cand,68317014,438045848,162,2025-09-16,1,0,0,0,0,0,0,0,0,0
us-v-ding,3:24-cr-00141,cand,68317014,438045846,163,2025-09-16,1,0,0,0,0,0,0,0,0,0
us-v-ding,3:24-cr-00141,cand,68317014,438045839,164,2025-09-16,1,0,0,0,0,0,0,0,0,0
us-v-ding,3:24-cr-00141,cand,68317014,438045838,165,2025-09-16,1,0,0,0,0,0,0,0,0,0
us-v-ding,3:24-cr-00141,cand,68317014,438045837,166,2025-09-16,1,0,0,0,0,0,0,0,0,0
us-v-ding,3:24-cr-00141,cand,68317014,438046779,167,2025-09-16,1,0,0,0,0,0,0,0,0,0
us-v-ding,3:24-cr-00141,cand,68317014,438047148,168,2025-09-16,1,0,0,0,0,0,0,0,0,0
us-v-ding,3:24-cr-00141,cand,68317014,438047147,169,2025-09-16,1,0,0,0,0,0,0,0,0,0
us-v-ding,3:24-cr-00141,cand,68317014,438047144,170,2025-09-16,1,0,0,0,0,0,0,0,0,0
us-v-ding,3:24-cr-00141,cand,68317014,438047143,171,2025-09-16,1,0,0,0,0,0,0,0,0,0
us-v-ding,3:24-cr-00141,cand,68317014,438047142,172,2025-09-16,1,0,0,0,0,0,0,0,0,0
us-v-ding,3:24-cr-00141,cand,68317014,438047561,173,2025-09-16,1,0,0,0,0,0,0,0,0,0
us-v-ding,3:24-cr-00141,cand,68317014,438047828,174,2025-09-16,1,0,0,0,0,0,0,0,0,0
us-v-ding,3:24-cr-00141,cand,68317014,438047827,175,2025-09-16,1,0,0,0,0,0,0,0,0,0
us-v-ding,3:24-cr-00141,cand,68317014,438047825,176,2025-09-16,1,0,0,0,0,0,0,0,0,0
us-v-ding,3:24-cr-00141,cand,68317014,438048406,177,2025-09-16,1,0,0,0,0,0,0,0,0,0
us-v-ding,3:24-cr-00141,cand,68317014,438048398,178,2025-09-16,1,0,0,0,0,0,0,0,0,0
us-v-ding,3:24-cr-00141,cand,68317014,438048389,180,2025-09-16,1,0,0,0,0,0,0,0,0,0
us-v-ding,3:24-cr-00141,cand,68317014,438048646,181,2025-09-17,1,0,0,0,0,0,0,0,0,0
us-v-ding,3:24-cr-00141,cand,68317014,438441875,182,2025-09-17,1,0,1,0,0,0,0,0,0,0
us-v-ding,3:24-cr-00141,cand,68317014,438441876,183,2025-09-17,1,0,0,0,0,0,1,0,0,0
us-v-ding,3:24-cr-00141,cand,68317014,438307697,184,2025-09-18,1,0,0,0,0,0,0,0,0,0
us-v-ding,3:24-cr-00141,cand,68317014,438441877,185,2025-09-19,1,0,0,0,0,0,0,0,0,0
us-v-ding,3:24-cr-00141,cand,68317014,438421745,186,2025-09-19,1,0,0,0,0,0,1,0,0,0
us-v-ding,3:24-cr-00141,cand,68317014,438421552,187,2025-09-19,1,0,0,0,0,0,0,0,0,0
us-v-ding,3:24-cr-00141,cand,68317014,438439715,188,2025-09-19,1,0,0,0,0,0,0,0,0,0
us-v-ding,3:24-cr-00141,cand,68317014,438502587,189,2025-09-21,1,0,0,0,0,0,0,0,0,0
us-v-ding,3:24-cr-00141,cand,68317014,438502969,190,2025-09-21,1,0,0,0,0,0,0,0,0,0
us-v-ding,3:24-cr-00141,cand,68317014,438502965,191,2025-09-21,1,0,0,0,0,0,0,0,0,0
us-v-ding,3:24-cr-00141,cand,68317014,438502963,192,2025-09-21,1,0,0,0,0,0,0,0,0,0
us-v-ding,3:24-cr-00141,cand,68317014,438502962,193,2025-09-21,1,0,0,0,0,0,0,0,0,0
us-v-ding,3:24-cr-00141,cand,68317014,438503194,194,2025-09-21,1,0,0,0,0,0,0,0,0,0
us-v-ding,3:24-cr-00141,cand,68317014,438503193,195,2025-09-21,1,0,0,0,0,0,0,0,0,0
us-v-ding,3:24-cr-00141,cand,68317014,438702560,196,2025-09-22,1,0,1,0,0,0,0,0,0,0
us-v-ding,3:24-cr-00141,cand,68317014,438606519,198,2025-09-22,1,0,0,0,0,0,0,0,0,0
us-v-ding,3:24-cr-00141,cand,68317014,438624669,199,2025-09-22,1,0,0,0,0,0,0,0,0,0
us-v-ding,3:24-cr-00141,cand,68317014,438626914,200,2025-09-22,1,0,0,0,0,0,0,0,0,0
us-v-ding,3:24-cr-00141,cand,68317014,438926848,201,2025-09-23,1,0,1,3,1,0,0,0,0,0
us-v-ding,3:24-cr-00141,cand,68317014,438866256,202,2025-09-23,1,0,0,0,0,0,0,0,0,0
us-v-ding,3:24-cr-00141,cand,68317014,438926849,203,2025-09-24,1,0,0,1,0,0,0,0,0,0
us-v-ding,3:24-cr-00141,cand,68317014,438880309,,2025-09-24,1,0,0,1,0,0,0,0,0,0
us-v-ding,3:24-cr-00141,cand,68317014,439632441,205,2025-10-01,1,0,0,4,0,0,0,0,0,0
us-v-ding,3:24-cr-00141,cand,68317014,440238446,206,2025-10-07,1,0,0,0,0,0,0,0,0,0
us-v-ding,3:24-cr-00141,cand,68317014,440255334,207,2025-10-07,1,0,0,0,0,0,0,0,0,0
us-v-ding,3:24-cr-00141,cand,68317014,440346417,208,2025-10-08,1,0,0,0,0,0,0,0,0,0
us-v-ding,3:24-cr-00141,cand,68317014,446426529,209,2025-10-08,1,0,0,0,1,0,1,0,0,0
us-v-ding,3:24-cr-00141,cand,68317014,440627001,210,2025-10-10,1,0,0,0,0,0,0,1,0,0
us-v-ding,3:24-cr-00141,cand,68317014,440891285,211,2025-10-14,1,0,0,0,0,0,0,0,0,0
us-v-ding,3:24-cr-00141,cand,68317014,441171183,212,2025-10-16,1,0,0,0,0,0,0,0,0,0
us-v-ding,3:24-cr-00141,cand,68317014,441504517,213,2025-10-20,1,0,0,0,0,0,0,0,0,0
us-v-ding,3:24-cr-00141,cand,68317014,441691863,214,2025-10-22,1,0,0,0,0,0,0,1,0,0
us-v-ding,3:24-cr-00141,cand,68317014,442768085,215,2025-10-31,1,0,0,0,0,0,0,0,0,0
us-v-ding,3:24-cr-00141,cand,68317014,442825049,217,2025-10-31,1,0,0,0,0,0,0,0,0,0
us-v-ding,3:24-cr-00141,cand,68317014,443079011,219,2025-11-04,1,0,0,0,0,0,0,0,0,0
us-v-ding,3:24-cr-00141,cand,68317014,446426530,220,2025-11-04,1,0,0,0,0,1,0,0,0,0
us-v-ding,3:24-cr-00141,cand,68317014,443139104,221,2025-11-04,1,0,0,0,0,0,0,0,0,0
us-v-ding,3:24-cr-00141,cand,68317014,443273034,222,2025-11-05,1,0,0,0,0,0,0,0,0,0
us-v-ding,3:24-cr-00141,cand,68317014,443408071,223,2025-11-06,1,0,0,0,0,0,0,0,2,0
us-v-ding,3:24-cr-00141,cand,68317014,446426531,224,2025-11-07,1,0,0,0,0,0,0,4,0,0
us-v-ding,3:24-cr-00141,cand,68317014,443490056,225,2025-11-07,1,0,0,0,0,0,0,0,0,0
us-v-ding,3:24-cr-00141,cand,68317014,443716508,,2025-11-10,1,0,0,1,0,0,0,0,0,0
us-v-ding,3:24-cr-00141,cand,68317014,446426533,227,2025-11-19,1,0,0,0,0,0,0,0,1,0
us-v-ding,3:24-cr-00141,cand,68317014,444794969,229,2025-11-20,1,0,0,0,0,0,0,0,0,0
us-v-ding,3:24-cr-00141,cand,68317014,445048569,230,2025-11-21,1,0,0,0,0,0,0,0,0,0
us-v-ding,3:24-cr-00141,cand,68317014,445050454,231,2025-11-21,1,0,0,0,0,0,0,0,0,0
us-v-ding,3:24-cr-00141,cand,68317014,445056759,232,2025-11-21,1,0,0,0,0,0,0,0,0,0
us-v-ding,3:24-cr-00141,cand,68317014,446426534,233,2025-11-24,1,0,0,0,0,0,4,0,0,0
us-v-ding,3:24-cr-00141,cand,68317014,445351317,234,2025-11-25,1,0,0,0,0,0,0,0,0,0
us-v-ding,3:24-cr-00141,cand,68317014,445439031,235,2025-11-25,1,0,0,0,0,0,0,2,0,0
us-v-ding,3:24-cr-00141,cand,68317014,445576397,237,2025-11-26,1,0,0,0,0,0,0,0,0,0
us-v-ding,3:24-cr-00141,cand,68317014,445578045,238,2025-11-26,1,0,0,0,0,0,0,0,0,0
us-v-ding,3:24-cr-00141,cand,68317014,445888594,239,2025-12-02,1,0,0,0,0,0,0,0,0,0
us-v-ding,3:24-cr-00141,cand,68317014,446038236,240,2025-12-03,1,0,0,0,0,0,0,0,0,0
us-v-ding,3:24-cr-00141,cand,68317014,446100645,242,2025-12-03,1,0,0,0,0,0,0,0,0,0
us-v-ding,3:24-cr-00141,cand,68317014,446102727,243,2025-12-03,1,0,0,0,0,0,0,0,0,0
us-v-ding,3:24-cr-00141,cand,68317014,446103178,245,2025-12-03,1,0,0,0,0,0,0,0,0,0
us-v-ding,3:24-cr-00141,cand,68317014,446103174,246,2025-12-03,1,0,0,0,0,0,0,0,0,0
us-v-ding,3:24-cr-00141,cand,68317014,446103362,247,2025-12-03,1,0,0,0,0,0,0,0,0,0
us-v-ding,3:24-cr-00141,cand,68317014,446103361,248,2025-12-03,1,0,0,0,0,0,0,0,0,0
us-v-ding,3:24-cr-00141,cand,68317014,446104331,249,2025-12-04,1,0,0,0,0,0,0,0,0,0
us-v-ding,3:24-cr-00141,cand,68317014,446104330,250,2025-12-04,1,0,0,0,0,0,0,0,0,0
us-v-ding,3:24-cr-00141,cand,68317014,446174614,252,2025-12-04,1,0,0,0,0,0,0,0,0,0
us-v-ding,3:24-cr-00141,cand,68317014,446179214,253,2025-12-04,1,0,0,0,0,0,0,0,0,0
us-v-ding,3:24-cr-00141,cand,68317014,446179176,254,2025-12-04,1,0,0,0,0,0,1,0,0,0
us-v-ding,3:24-cr-00141,cand,68317014,446366380,257,2025-12-05,1,0,0,0,0,0,0,0,0,0
us-v-ding,3:24-cr-00141,cand,68317014,446490194,260,2025-12-05,1,0,0,0,0,0,0,0,0,0
us-v-ding,3:24-cr-00141,cand,68317014,446411023,258,2025-12-07,1,0,0,0,0,0,0,0,2,0
us-v-ding,3:24-cr-00141,cand,68317014,446527578,261,2025-12-08,1,0,0,0,1,0,0,0,0,0
us-v-ding,3:24-cr-00141,cand,68317014,446677173,262,2025-12-09,1,0,0,0,1,0,0,0,0,0
us-v-ding,3:24-cr-00141,cand,68317014,446753897,263,2025-12-10,1,0,0,0,0,0,0,0,0,0
us-v-ding,3:24-cr-00141,cand,68317014,446753831,264,2025-12-10,1,0,0,0,0,0,0,0,0,0
us-v-ding,3:24-cr-00141,cand,68317014,446785156,265,2025-12-10,1,0,0,0,0,0,0,0,0,0
us-v-ding,3:24-cr-00141,cand,68317014,446833314,266,2025-12-10,1,0,0,0,0,0,0,0,0,0
us-v-ding,3:24-cr-00141,cand,68317014,446833963,267,2025-12-10,1,0,0,0,0,0,0,0,0,0
us-v-ding,3:24-cr-00141,cand,68317014,446840767,268,2025-12-10,1,0,0,0,0,0,0,0,0,0
us-v-ding,3:24-cr-00141,cand,68317014,446851540,269,2025-12-10,1,0,0,0,0,0,0,0,0,0
us-v-ding,3:24-cr-00141,cand,68317014,447571707,270,2025-12-11,1,0,0,1,0,0,0,0,0,0
us-v-ding,3:24-cr-00141,cand,68317014,446970132,271,2025-12-11,1,0,0,0,0,0,0,0,0,0
us-v-ding,3:24-cr-00141,cand,68317014,446972799,272,2025-12-11,1,0,0,0,0,0,0,0,0,0
us-v-ding,3:24-cr-00141,cand,68317014,447158964,273,2025-12-14,1,0,0,0,0,0,0,2,0,0
us-v-ding,3:24-cr-00141,cand,68317014,447571708,274,2025-12-15,1,0,0,0,0,0,0,1,0,0
us-v-ding,3:24-cr-00141,cand,68317014,447353125,275,2025-12-16,1,0,0,0,0,0,0,0,2,0
us-v-ding,3:24-cr-00141,cand,68317014,447599573,276,2025-12-17,1,0,0,0,0,0,0,0,0,0
us-v-ding,3:24-cr-00141,cand,68317014,447814963,279,2025-12-19,1,0,0,0,0,0,0,0,0,0
us-v-ding,3:24-cr-00141,cand,68317014,449223398,281,2025-12-19,1,0,1,0,1,0,2,0,0,0
us-v-ding,3:24-cr-00141,cand,68317014,448149570,280,2025-12-23,1,0,0,0,0,0,0,0,0,0
us-v-ding,3:24-cr-00141,cand,68317014,448234177,282,2025-12-23,1,0,0,0,0,0,0,0,0,0
us-v-ding,3:24-cr-00141,cand,68317014,448237074,283,2025-12-23,1,0,0,0,0,0,0,0,0,0
us-v-ding,3:24-cr-00141,cand,68317014,448248749,285,2025-12-23,1,0,0,0,0,0,0,0,1,0
us-v-ding,3:24-cr-00141,cand,68317014,448248748,286,2025-12-23,1,0,0,0,0,0,0,0,1,0
us-v-ding,3:24-cr-00141,cand,68317014,448249460,287,2025-12-23,1,0,0,0,0,0,0,0,1,0
us-v-ding,3:24-cr-00141,cand,68317014,448249458,288,2025-12-23,1,0,0,0,0,0,0,0,0,0
us-v-ding,3:24-cr-00141,cand,68317014,448250080,289,2025-12-23,1,0,0,0,0,0,0,0,0,0
us-v-ding,3:24-cr-00141,cand,68317014,448201154,,2025-12-23,1,0,0,1,0,0,0,0,0,0
us-v-ding,3:24-cr-00141,cand,68317014,448350548,290,2025-12-26,1,0,0,0,0,0,0,0,0,0
us-v-ding,3:24-cr-00141,cand,68317014,448351443,291,2025-12-26,1,0,0,0,0,0,1,0,0,0
us-v-ding,3:24-cr-00141,cand,68317014,448610569,292,2025-12-29,1,0,0,0,0,0,0,0,0,0
us-v-ding,3:24-cr-00141,cand,68317014,449278366,294,2026-01-05,1,0,0,0,0,0,0,0,0,0
us-v-ding,3:24-cr-00141,cand,68317014,449315487,295,2026-01-05,1,0,0,0,0,0,0,0,0,0
us-v-ding,3:24-cr-00141,cand,68317014,449324426,296,2026-01-05,1,0,0,0,0,0,0,0,0,0
us-v-ding,3:24-cr-00141,cand,68317014,449325930,297,2026-01-05,1,0,0,0,0,0,0,0,0,0
us-v-ding,3:24-cr-00141,cand,68317014,449659763,299,2026-01-06,1,0,0,2,0,0,0,0,0,0
us-v-ding,3:24-cr-00141,cand,68317014,449463627,300,2026-01-06,1,0,0,0,0,0,0,0,0,0
us-v-ding,3:24-cr-00141,cand,68317014,449464715,302,2026-01-06,1,0,0,0,0,0,0,0,0,0
us-v-ding,3:24-cr-00141,cand,68317014,450430765,311,2026-01-06,1,0,0,0,1,0,0,0,0,0
us-v-ding,3:24-cr-00141,cand,68317014,450152061,314,2026-01-07,1,0,0,0,1,0,0,0,0,0
us-v-ding,3:24-cr-00141,cand,68317014,449582266,,2026-01-07,1,0,1,0,0,0,0,0,0,0
us-v-ding,3:24-cr-00141,cand,68317014,449889848,306,2026-01-09,1,0,0,0,0,0,0,0,0,0
us-v-ding,3:24-cr-00141,cand,68317014,449889821,307,2026-01-09,1,0,0,0,0,0,0,0,0,0
us-v-ding,3:24-cr-00141,cand,68317014,450430766,315,2026-01-09,1,0,0,0,1,0,0,0,0,0
us-v-ding,3:24-cr-00141,cand,68317014,449937270,308,2026-01-11,1,0,0,0,0,0,0,0,0,0
us-v-ding,3:24-cr-00141,cand,68317014,450151689,316,2026-01-12,1,0,0,0,1,0,0,0,0,0
us-v-ding,3:24-cr-00141,cand,68317014,450430767,312,2026-01-13,1,0,0,0,0,0,0,0,0,0
us-v-ding,3:24-cr-00141,cand,68317014,450147364,313,2026-01-13,1,0,0,0,0,0,0,0,0,0
us-v-ding,3:24-cr-00141,cand,68317014,450243602,317,2026-01-13,1,0,0,0,0,0,0,0,0,0
us-v-ding,3:24-cr-00141,cand,68317014,450243872,319,2026-01-13,1,0,0,0,0,0,0,0,0,0
us-v-ding,3:24-cr-00141,cand,68317014,450290293,320,2026-01-13,1,0,0,0,1,0,0,0,0,0
us-v-ding,3:24-cr-00141,cand,68317014,450397974,322,2026-01-14,1,0,0,0,0,0,0,0,0,0
us-v-ding,3:24-cr-00141,cand,68317014,450462532,324,2026-01-14,1,0,0,0,1,0,0,0,0,0
us-v-ding,3:24-cr-00141,cand,68317014,450404612,323,2026-01-15,1,0,0,0,0,0,0,0,0,0
us-v-ding,3:24-cr-00141,cand,68317014,450466510,325,2026-01-15,1,0,0,0,0,0,0,0,0,0
us-v-ding,3:24-cr-00141,cand,68317014,450489604,326,2026-01-15,1,0,0,0,0,0,0,0,0,0
us-v-ding,3:24-cr-00141,cand,68317014,450525958,327,2026-01-15,1,0,0,0,1,0,0,0,0,0
us-v-ding,3:24-cr-00141,cand,68317014,450846512,329,2026-01-16,1,0,0,0,0,0,0,0,0,0
us-v-ding,3:24-cr-00141,cand,68317014,450583832,,2026-01-16,1,0,0,1,0,0,0,0,0,0
us-v-ding,3:24-cr-00141,cand,68317014,450781615,328,2026-01-19,1,0,0,0,0,0,0,0,0,0
us-v-ding,3:24-cr-00141,cand,68317014,451157953,330,2026-01-20,1,0,0,0,0,1,0,0,0,0
us-v-ding,3:24-cr-00141,cand,68317014,450924327,331,2026-01-20,1,0,0,0,1,0,0,0,0,0
us-v-ding,3:24-cr-00141,cand,68317014,451101738,332,2026-01-21,1,0,0,0,0,0,0,0,0,0
us-v-ding,3:24-cr-00141,cand,68317014,451252078,335,2026-01-21,1,0,0,0,1,0,0,0,0,0
us-v-ding,3:24-cr-00141,cand,68317014,450996964,,2026-01-21,1,0,0,1,0,0,0,0,0,0
us-v-ding,3:24-cr-00141,cand,68317014,451190820,333,2026-01-22,1,0,0,0,0,0,0,0,0,0
us-v-ding,3:24-cr-00141,cand,68317014,451256993,336,2026-01-22,1,0,0,0,1,0,0,0,0,0
us-v-ding,3:24-cr-00141,cand,68317014,451387638,337,2026-01-23,1,0,0,0,0,0,0,0,0,0
us-v-ding,3:24-cr-00141,cand,68317014,451401311,338,2026-01-23,1,0,0,0,0,0,0,0,0,0
us-v-ding,3:24-cr-00141,cand,68317014,451429568,339,2026-01-23,1,0,0,0,1,0,0,0,0,0
us-v-ding,3:24-cr-00141,cand,68317014,451474529,340,2026-01-24,1,0,0,0,0,0,0,0,0,0
us-v-ding,3:24-cr-00141,cand,68317014,451507037,342,2026-01-25,1,0,0,0,0,0,0,0,0,0
us-v-ding,3:24-cr-00141,cand,68317014,451665392,344,2026-01-26,1,0,0,0,0,0,0,0,0,0
us-v-ding,3:24-cr-00141,cand,68317014,451666276,345,2026-01-26,1,0,0,0,0,0,0,0,0,0
us-v-ding,3:24-cr-00141,cand,68317014,451803120,349,2026-01-26,1,0,0,0,1,0,0,0,0,0
us-v-ding,3:24-cr-00141,cand,68317014,451845452,350,2026-01-26,1,0,0,0,1,0,0,0,0,0
us-v-ding,3:24-cr-00141,cand,68317014,451678363,346,2026-01-27,1,0,0,0,0,0,0,0,2,0
us-v-ding,3:24-cr-00141,cand,68317014,451710930,347,2026-01-27,1,0,0,0,0,0,0,0,0,0
us-v-ding,3:24-cr-00141,cand,68317014,451845453,348,2026-01-27,1,0,0,0,0,0,1,0,0,0
us-v-ding,3:24-cr-00141,cand,68317014,451804631,351,2026-01-27,1,0,0,0,1,0,0,0,0,0
us-v-ding,3:24-cr-00141,cand,68317014,451845454,352,2026-01-27,1,0,0,0,1,0,0,0,0,0
us-v-ding,3:24-cr-00141,cand,68317014,451807051,353,2026-01-27,1,0,0,0,0,0,0,0,0,0
us-v-ding,3:24-cr-00141,cand,68317014,451807046,354,2026-01-27,1,0,0,0,0,0,0,0,0,0
us-v-ding,3:24-cr-00141,cand,68317014,451807045,355,2026-01-27,1,0,0,0,0,0,0,0,0,0
us-v-ding,3:24-cr-00141,cand,68317014,451808120,356,2026-01-27,1,0,0,0,0,0,0,0,0,0
us-v-ding,3:24-cr-00141,cand,68317014,451809564,357,2026-01-27,1,0,0,0,0,0,0,0,0,0
us-v-ding,3:24-cr-00141,cand,68317014,451845455,358,2026-01-27,1,0,0,0,0,0,0,0,0,0
us-v-ding,3:24-cr-00141,cand,68317014,451845456,359,2026-01-27,1,0,0,0,0,0,1,0,0,0
us-v-ding,3:24-cr-00141,cand,68317014,451812616,360,2026-01-27,1,0,0,0,0,0,0,0,1,0
us-v-ding,3:24-cr-00141,cand,68317014,451813431,361,2026-01-27,1,0,0,0,0,0,0,0,0,0
us-v-ding,3:24-cr-00141,cand,68317014,451844440,362,2026-01-28,1,0,0,0,0,0,0,0,0,0
us-v-ding,3:24-cr-00141,cand,68317014,452005365,363,2026-01-28,1,0,0,0,1,0,0,0,0,0
us-v-ding,3:24-cr-00141,cand,68317014,452005343,364,2026-01-28,1,0,0,0,0,0,0,0,0,0
us-v-ding,3:24-cr-00141,cand,68317014,452067847,365,2026-01-29,1,0,0,0,1,0,0,0,0,0
us-v-ding,3:24-cr-00141,cand,68317014,452067816,366,2026-01-29,1,0,0,0,0,0,0,0,0,0
us-v-ding,3:24-cr-00141,cand,68317014,452067644,367,2026-01-29,1,0,0,0,0,0,0,0,0,0
us-v-ding,3:24-cr-00141,cand,68317014,452203409,,2026-01-29,1,0,0,1,0,0,0,0,0,0
us-v-ding,3:24-cr-00141,cand,68317014,452279887,368,2026-01-31,1,0,0,0,0,0,0,0,2,0
us-v-ding,3:24-cr-00141,cand,68317014,452279885,369,2026-01-31,1,0,0,0,0,0,0,2,0,0
us-v-ding,3:24-cr-00141,cand,68317014,452279882,370,2026-01-31,1,0,0,0,0,0,0,2,0,0
us-v-ding,3:24-cr-00141,cand,68317014,452286821,371,2026-01-31,1,0,0,0,0,0,0,0,2,0
us-v-ding,3:24-cr-00141,cand,68317014,452287178,372,2026-01-31,1,0,0,0,0,0,0,0,2,0
us-v-ding,3:24-cr-00141,cand,68317014,452287174,373,2026-01-31,1,0,0,0,0,0,0,0,2,0
us-v-ding,3:24-cr-00141,cand,68317014,452287170,374,2026-01-31,1,0,0,0,0,0,0,0,2,0
us-v-ding,3:24-cr-00141,cand,68317014,452287155,375,2026-01-31,1,0,0,0,0,0,0,0,2,0
us-v-ding,3:24-cr-00141,cand,68317014,452287151,376,2026-01-31,1,0,0,0,0,0,0,0,2,0
us-v-ding,3:24-cr-00141,cand,68317014,452287507,377,2026-01-31,1,0,0,0,0,0,0,0,0,0
us-v-ding,3:24-cr-00141,cand,68317014,452287505,378,2026-01-31,1,0,0,0,0,0,0,0,2,0
us-v-ding,3:24-cr-00141,cand,68317014,452287497,379,2026-01-31,1,0,0,0,0,0,0,0,0,0
us-v-ding,3:24-cr-00141,cand,68317014,452287491,380,2026-01-31,1,0,0,0,0,0,0,0,2,0
us-v-ding,3:24-cr-00141,cand,68317014,452287488,381,2026-01-31,1,0,0,0,0,0,0,0,0,0
us-v-ding,3:24-cr-00141,cand,68317014,452287483,382,2026-01-31,1,0,0,0,0,0,0,0,2,0
us-v-ding,3:24-cr-00141,cand,68317014,452287451,383,2026-01-31,1,0,0,0,0,0,0,0,0,0
us-v-ding,3:24-cr-00141,cand,68317014,452312196,384,2026-02-01,1,0,0,0,0,0,0,0,2,0
us-v-ding,3:24-cr-00141,cand,68317014,452312193,385,2026-02-01,1,0,0,0,0,0,0,0,0,0
us-v-ding,3:24-cr-00141,cand,68317014,452312190,386,2026-02-01,1,0,0,0,0,0,0,0,2,0
us-v-ding,3:24-cr-00141,cand,68317014,452312957,387,2026-02-01,1,0,0,0,0,0,0,0,2,0
us-v-ding,3:24-cr-00141,cand,68317014,452409559,388,2026-02-02,1,0,0,0,0,0,0,0,0,0
us-v-ding,3:24-cr-00141,cand,68317014,453067320,390,2026-02-03,1,0,0,0,1,0,4,0,0,0
us-v-ding,3:24-cr-00141,cand,68317014,452732494,389,2026-02-04,1,0,0,0,0,0,0,0,0,0
us-v-ding,3:24-cr-00141,cand,68317014,453073222,391,2026-02-06,1,0,0,0,0,0,0,0,0,0
us-v-ding,3:24-cr-00141,cand,68317014,454458098,392,2026-02-19,1,0,0,0,0,0,0,0,1,0
us-v-ding,3:24-cr-00141,cand,68317014,454479811,394,2026-02-19,1,0,0,0,0,0,0,0,1,0
us-v-ding,3:24-cr-00141,cand,68317014,455353519,395,2026-02-27,1,0,0,0,0,0,0,0,0,0
us-v-ding,3:24-cr-00141,cand,68317014,455362938,396,2026-02-27,1,0,0,0,0,0,0,0,0,0
us-v-ding,3:24-cr-00141,cand,68317014,455362856,397,2026-02-27,1,0,0,0,0,0,0,0,0,0
us-v-ding,3:24-cr-00141,cand,68317014,455369605,398,2026-02-27,1,0,0,0,0,0,0,0,0,0
us-v-ding,3:24-cr-00141,cand,68317014,455369569,399,2026-02-27,1,0,0,0,0,0,0,0,0,0
us-v-ding,3:24-cr-00141,cand,68317014,455373507,400,2026-02-27,1,0,0,0,0,0,0,0,0,0
us-v-ding,3:24-cr-00141,cand,68317014,455373492,401,2026-02-27,1,0,0,0,0,0,0,0,0,0
us-v-ding,3:24-cr-00141,cand,68317014,455392916,403,2026-02-27,1,0,0,0,0,0,0,0,0,0
us-v-ding,3:24-cr-00141,cand,68317014,457007632,415,2026-03-12,1,0,0,0,0,0,0,0,0,0
us-v-ding,3:24-cr-00141,cand,68317014,457012191,416,2026-03-12,1,0,0,0,0,0,0,0,1,0
us-v-ding,3:24-cr-00141,cand,68317014,457021956,418,2026-03-12,1,0,0,0,0,0,0,0,1,0
us-v-ding,3:24-cr-00141,cand,68317014,463553043,419,2026-03-16,1,0,0,0,0,0,0,0,0,0
us-v-ding,3:24-cr-00141,cand,68317014,463553044,420,2026-03-24,1,0,0,1,0,0,0,0,0,0
us-v-ding,3:24-cr-00141,cand,68317014,458737239,421,2026-03-26,1,0,0,0,0,0,0,0,1,0
us-v-ding,3:24-cr-00141,cand,68317014,458739325,422,2026-03-26,1,0,0,0,0,0,0,0,0,0
us-v-ding,3:24-cr-00141,cand,68317014,461804526,423,2026-04-23,1,0,0,0,0,0,0,0,0,0
us-v-ding,3:24-cr-00141,cand,68317014,463712115,424,2026-05-11,1,0,0,0,0,0,0,0,0,0
us-v-ding,3:24-cr-00141,cand,68317014,464330553,429,2026-05-12,1,0,1,0,1,0,2,0,0,0
us-v-ding,3:24-cr-00141,cand,68317014,464330554,425,2026-05-13,1,0,0,0,0,0,0,0,0,0
us-v-ding,3:24-cr-00141,cand,68317014,463980264,427,2026-05-13,1,0,0,0,0,0,0,0,0,0
us-v-ding,3:24-cr-00141,cand,68317014,464162243,428,2026-05-15,1,0,0,0,0,0,1,0,1,0
us-v-ding,3:24-cr-00141,cand,68317014,465426966,430,2026-05-27,1,0,0,0,0,0,0,0,0,0
us-v-ding,3:24-cr-00141,cand,68317014,466097643,432,2026-06-02,1,0,0,0,0,0,0,0,1,0
us-v-ding,3:24-cr-00141,cand,68317014,466165609,433,2026-06-03,1,0,0,0,0,0,0,0,0,0
us-v-ding,3:24-cr-00141,cand,68317014,466528465,434,2026-06-05,1,0,0,0,0,0,0,0,1,0
anthropic-v-dow,26-1049,cadc,72380208,456320232,,2026-03-09,1,0,0,0,0,0,0,0,0,0
anthropic-v-dow,26-1049,cadc,72380208,456320233,1208828684,2026-03-09,1,0,0,0,0,0,0,0,0,0
anthropic-v-dow,26-1049,cadc,72380208,456320234,1208828687,2026-03-09,1,0,0,0,0,0,0,0,0,0
anthropic-v-dow,26-1049,cadc,72380208,456324568,1208828702,2026-03-09,1,0,0,0,0,0,11,0,0,0
anthropic-v-dow,26-1049,cadc,72380208,456591493,1208829345,2026-03-10,1,0,0,0,0,0,0,0,0,0
anthropic-v-dow,26-1049,cadc,72380208,456831784,1208829653,2026-03-11,1,0,0,0,0,0,0,0,0,0
anthropic-v-dow,26-1049,cadc,72380208,456841368,1208829661,2026-03-12,1,0,0,0,0,0,0,0,0,0
anthropic-v-dow,26-1049,cadc,72380208,456897490,1208829735,2026-03-12,1,0,0,0,0,0,0,0,0,0
anthropic-v-dow,26-1049,cadc,72380208,456940788,1208829854,2026-03-12,1,0,0,0,0,0,0,0,0,0
anthropic-v-dow,26-1049,cadc,72380208,456956807,1208829888,2026-03-12,1,0,0,0,0,0,0,0,0,0
anthropic-v-dow,26-1049,cadc,72380208,457005995,1208830023,2026-03-12,1,0,0,0,0,0,0,0,0,0
anthropic-v-dow,26-1049,cadc,72380208,457015157,1208830045,2026-03-12,1,0,0,0,0,0,0,0,0,0
anthropic-v-dow,26-1049,cadc,72380208,457056523,1208830127,2026-03-13,1,0,0,0,0,0,0,0,0,0
anthropic-v-dow,26-1049,cadc,72380208,457058544,1208830145,2026-03-13,1,0,0,0,0,0,2,0,0,0
anthropic-v-dow,26-1049,cadc,72380208,457122575,1208830425,2026-03-13,1,0,0,0,0,0,0,0,0,0
anthropic-v-dow,26-1049,cadc,72380208,457122935,1208830434,2026-03-13,1,0,0,0,0,0,0,0,0,0
anthropic-v-dow,26-1049,cadc,72380208,457166590,1208830529,2026-03-13,1,0,0,0,0,0,0,0,0,0
anthropic-v-dow,26-1049,cadc,72380208,457264095,1208830718,2026-03-13,1,0,0,0,0,0,0,0,0,0
anthropic-v-dow,26-1049,cadc,72380208,457351592,1208831045,2026-03-16,1,0,0,0,0,0,0,0,0,0
anthropic-v-dow,26-1049,cadc,72380208,457361936,1208831066,2026-03-16,1,0,0,0,0,0,0,0,0,0
anthropic-v-dow,26-1049,cadc,72380208,457362419,1208831071,2026-03-16,1,0,0,0,0,0,0,0,0,0
anthropic-v-dow,26-1049,cadc,72380208,457364974,1208831083,2026-03-16,1,0,0,0,0,0,0,0,0,0
anthropic-v-dow,26-1049,cadc,72380208,457365659,1208831087,2026-03-16,1,0,0,0,0,0,0,0,0,0
anthropic-v-dow,26-1049,cadc,72380208,457365668,1208831090,2026-03-16,1,0,0,0,0,0,0,0,0,0
anthropic-v-dow,26-1049,cadc,72380208,457374628,1208831117,2026-03-16,1,0,0,0,0,0,0,0,0,0
anthropic-v-dow,26-1049,cadc,72380208,457374783,1208831120,2026-03-16,1,0,0,0,0,0,0,0,0,0
anthropic-v-dow,26-1049,cadc,72380208,457480176,1208831430,2026-03-16,1,0,0,0,0,0,0,0,0,0
anthropic-v-dow,26-1049,cadc,72380208,457480578,1208831436,2026-03-16,1,0,0,0,0,0,0,0,0,0
anthropic-v-dow,26-1049,cadc,72380208,457482365,1208831446,2026-03-17,1,0,0,0,0,0,0,0,0,0
anthropic-v-dow,26-1049,cadc,72380208,457486499,1208831460,2026-03-17,1,0,0,0,0,0,0,0,0,0
anthropic-v-dow,26-1049,cadc,72380208,457528056,1208831539,2026-03-17,1,0,0,0,0,0,0,0,0,0
anthropic-v-dow,26-1049,cadc,72380208,457565414,1208831564,2026-03-17,1,0,0,0,0,0,0,0,0,0
anthropic-v-dow,26-1049,cadc,72380208,457566233,1208831569,2026-03-17,1,0,0,0,0,0,0,0,0,0
anthropic-v-dow,26-1049,cadc,72380208,457638620,1208831708,2026-03-17,1,0,0,0,0,0,0,0,0,0
anthropic-v-dow,26-1049,cadc,72380208,457918517,1208832389,2026-03-19,1,0,0,0,0,0,0,0,1,0
anthropic-v-dow,26-1049,cadc,72380208,458278182,1208833581,2026-03-23,1,0,0,0,0,0,0,0,1,0
anthropic-v-dow,26-1049,cadc,72380208,458743169,1208834843,2026-03-26,1,0,0,0,0,0,0,0,0,0
anthropic-v-dow,26-1049,cadc,72380208,461341257,,2026-04-06,1,0,0,0,0,0,0,0,0,0
anthropic-v-dow,26-1049,cadc,72380208,460364655,1208839342,2026-04-06,1,0,0,0,0,0,0,0,0,0
anthropic-v-dow,26-1049,cadc,72380208,460141673,,2026-04-08,1,0,0,0,0,0,0,0,0,0
anthropic-v-dow,26-1049,cadc,72380208,460142952,,2026-04-08,1,0,0,0,0,0,0,0,0,0
anthropic-v-dow,26-1049,cadc,72380208,460114490,1208838607,2026-04-08,1,0,0,0,0,0,0,0,0,0
anthropic-v-dow,26-1049,cadc,72380208,460116482,1208838610,2026-04-08,1,0,0,0,0,0,0,0,0,0
anthropic-v-dow,26-1049,cadc,72380208,460116699,1208838613,2026-04-08,1,0,0,0,0,0,0,0,1,0
anthropic-v-dow,26-1049,cadc,72380208,460116733,1208838616,2026-04-08,1,0,0,0,0,0,0,0,0,0
anthropic-v-dow,26-1049,cadc,72380208,460116850,1208838622,2026-04-08,1,0,0,0,0,0,0,0,0,0
anthropic-v-dow,26-1049,cadc,72380208,460140658,1208838678,2026-04-08,1,0,1,0,0,0,6,0,0,0
anthropic-v-dow,26-1049,cadc,72380208,461339919,1208842447,2026-04-20,1,0,0,0,0,0,0,0,0,0
anthropic-v-dow,26-1049,cadc,72380208,461558949,1208843021,2026-04-22,1,0,0,0,0,0,0,0,0,0
anthropic-v-dow,26-1049,cadc,72380208,461601473,1208843139,2026-04-22,1,0,0,0,0,0,0,0,0,0
anthropic-v-dow,26-1049,cadc,72380208,461606292,1208843177,2026-04-22,1,0,0,0,0,0,0,0,0,0
anthropic-v-dow,26-1049,cadc,72380208,461608246,1208843183,2026-04-22,1,0,0,0,0,0,0,0,0,0
anthropic-v-dow,26-1049,cadc,72380208,461646121,1208843262,2026-04-22,1,0,0,0,0,0,0,0,0,0
anthropic-v-dow,26-1049,cadc,72380208,461651662,1208843288,2026-04-22,1,0,0,0,0,0,0,0,0,0
anthropic-v-dow,26-1049,cadc,72380208,461655453,1208843319,2026-04-22,1,0,0,0,0,0,0,0,0,0
anthropic-v-dow,26-1049,cadc,72380208,461655464,1208843334,2026-04-22,1,0,0,0,0,0,0,0,0,0
anthropic-v-dow,26-1049,cadc,72380208,461655465,1208843337,2026-04-22,1,0,0,0,0,0,0,0,0,0
anthropic-v-dow,26-1049,cadc,72380208,461655562,1208843343,2026-04-22,1,0,0,0,0,0,0,0,0,0
anthropic-v-dow,26-1049,cadc,72380208,461663873,1208843391,2026-04-22,1,0,0,0,0,0,0,0,0,0
anthropic-v-dow,26-1049,cadc,72380208,461663920,1208843394,2026-04-22,1,0,0,0,0,0,0,0,1,0
anthropic-v-dow,26-1049,cadc,72380208,461664013,1208843397,2026-04-22,1,0,0,0,0,0,0,0,0,0
anthropic-v-dow,26-1049,cadc,72380208,461667294,1208843409,2026-04-22,1,0,0,0,0,0,0,0,1,0
anthropic-v-dow,26-1049,cadc,72380208,461669861,1208843421,2026-04-22,1,0,0,0,0,0,0,0,0,0
anthropic-v-dow,26-1049,cadc,72380208,461673232,1208843442,2026-04-22,1,0,0,0,0,0,0,0,0,0
anthropic-v-dow,26-1049,cadc,72380208,461673387,1208843451,2026-04-22,1,0,0,0,0,0,0,0,0,0
anthropic-v-dow,26-1049,cadc,72380208,461673449,1208843454,2026-04-22,1,0,0,0,0,0,0,0,0,0
anthropic-v-dow,26-1049,cadc,72380208,461674202,1208843463,2026-04-22,1,0,0,0,0,0,0,0,0,0
anthropic-v-dow,26-1049,cadc,72380208,461674957,1208843469,2026-04-22,1,0,0,0,0,0,0,0,0,0
anthropic-v-dow,26-1049,cadc,72380208,461747932,1208843643,2026-04-23,1,0,0,0,0,0,0,0,0,0
anthropic-v-dow,26-1049,cadc,72380208,461807042,1208843910,2026-04-23,1,0,0,0,0,0,0,0,1,0
anthropic-v-dow,26-1049,cadc,72380208,462135138,1208844849,2026-04-27,1,0,0,0,0,0,0,0,0,0
anthropic-v-dow,26-1049,cadc,72380208,462290664,1208845354,2026-04-28,1,0,0,0,0,0,0,0,0,0
anthropic-v-dow,26-1049,cadc,72380208,463150061,1208847713,2026-05-06,1,0,0,0,0,0,0,0,0,0
anthropic-v-dow,26-1049,cadc,72380208,463202735,1208847824,2026-05-06,1,0,0,0,0,0,0,0,0,0
anthropic-v-dow,26-1049,cadc,72380208,463217286,1208847842,2026-05-06,1,0,0,0,0,0,0,0,1,0
anthropic-v-dow,26-1049,cadc,72380208,463398262,,2026-05-08,1,0,0,0,0,0,0,0,1,0
anthropic-v-dow,26-1049,cadc,72380208,463763079,,2026-05-08,1,0,0,0,0,0,0,0,1,0
anthropic-v-dow,26-1049,cadc,72380208,463763080,,2026-05-08,1,0,0,0,0,0,0,0,1,0
anthropic-v-dow,26-1049,cadc,72380208,463749760,1208849217,2026-05-12,1,0,0,0,0,0,0,0,0,0
anthropic-v-dow,26-1049,cadc,72380208,463789017,1208849337,2026-05-12,1,0,0,0,0,0,0,0,0,0
anthropic-v-dow,26-1049,cadc,72380208,463909879,1208849633,2026-05-13,1,0,0,0,0,0,0,0,1,0
anthropic-v-dow,26-1049,cadc,72380208,464596164,1208851556,2026-05-19,1,0,0,0,1,0,0,0,0,0
anthropic-v-dow,26-1049,cadc,72380208,464847347,1208852327,2026-05-21,1,0,0,0,0,0,1,0,0,0
anthropic-v-dow,26-1049,cadc,72380208,464902821,1208852485,2026-05-21,1,0,0,0,0,0,0,0,0,0
anthropic-v-dow,26-1049,cadc,72380208,465031068,1208852954,2026-05-22,1,0,0,0,0,0,0,1,0,0
anthropic-v-dow,26-1049,cadc,72380208,466454125,1208857200,2026-06-03,1,0,0,0,0,0,0,0,0,0
anthropic-v-dow,26-1049,cadc,72380208,466454126,1208857212,2026-06-03,1,0,0,0,0,0,0,0,0,0
anthropic-v-dow,26-1049,cadc,72380208,466296140,1208856734,2026-06-04,1,0,0,0,0,0,0,0,1,0
anthropic-v-dow,26-1049,cadc,72380208,466300845,1208856765,2026-06-04,1,0,0,0,0,0,0,0,1,0
anthropic-v-dow,26-1049,cadc,72380208,466373278,1208857024,2026-06-04,1,0,0,0,0,0,0,0,0,0
anthropic-v-dow,26-2011,ca9,73136734,459530641,1,2026-04-02,1,0,0,0,0,0,0,0,0,0
anthropic-v-dow,26-2011,ca9,73136734,459530642,2,2026-04-02,1,0,0,0,0,0,3,0,0,0
anthropic-v-dow,26-2011,ca9,73136734,459560997,3,2026-04-02,1,0,0,0,0,0,0,0,0,0
anthropic-v-dow,26-2011,ca9,73136734,459560998,4,2026-04-02,1,0,0,0,0,0,0,0,0,0
anthropic-v-dow,26-2011,ca9,73136734,459560999,5,2026-04-02,1,0,0,0,0,0,0,0,0,0
anthropic-v-dow,26-2011,ca9,73136734,459645876,6,2026-04-03,1,0,0,0,0,0,0,0,0,0
anthropic-v-dow,26-2011,ca9,73136734,459645880,7,2026-04-03,1,0,0,0,0,0,0,0,0,0
anthropic-v-dow,26-2011,ca9,73136734,459759155,8,2026-04-06,1,0,0,0,0,0,0,0,0,0
anthropic-v-dow,26-2011,ca9,73136734,459866080,9,2026-04-06,1,0,0,0,0,0,0,0,0,0
anthropic-v-dow,26-2011,ca9,73136734,460161677,10,2026-04-08,1,0,0,0,0,0,0,0,1,0
anthropic-v-dow,26-2011,ca9,73136734,460240983,11,2026-04-09,1,0,0,0,0,0,1,0,0,0
anthropic-v-dow,26-2011,ca9,73136734,460952840,12,2026-04-15,1,0,0,0,0,0,0,0,1,0
anthropic-v-dow,26-2011,ca9,73136734,461630149,13,2026-04-22,1,0,0,0,0,0,0,0,0,0
anthropic-v-dow,26-2011,ca9,73136734,461642856,14,2026-04-22,1,0,0,0,0,0,0,0,0,0
anthropic-v-dow,26-2011,ca9,73136734,461931212,15,2026-04-24,1,0,0,0,0,0,0,0,0,0
anthropic-v-dow,26-2011,ca9,73136734,461931213,16,2026-04-24,1,0,0,0,0,0,0,0,0,0
anthropic-v-dow,26-2011,ca9,73136734,462148737,17,2026-04-27,1,0,0,0,0,0,0,0,0,0
anthropic-v-dow,3:26-cv-01996,cand,72379655,456303649,1,2026-03-09,1,0,0,0,0,0,0,0,0,0
anthropic-v-dow,3:26-cv-01996,cand,72379655,456304069,2,2026-03-09,1,0,0,0,0,0,0,0,0,0
anthropic-v-dow,3:26-cv-01996,cand,72379655,456306856,3,2026-03-09,1,0,0,0,0,0,0,0,0,0
anthropic-v-dow,3:26-cv-01996,cand,72379655,456306970,4,2026-03-09,1,0,0,0,0,0,0,0,0,0
anthropic-v-dow,3:26-cv-01996,cand,72379655,456316762,5,2026-03-09,1,0,0,0,0,0,0,0,0,0
anthropic-v-dow,3:26-cv-01996,cand,72379655,456316763,6,2026-03-09,1,0,0,0,0,0,0,0,0,0
anthropic-v-dow,3:26-cv-01996,cand,72379655,456319864,7,2026-03-09,1,0,0,0,0,0,0,0,0,0
anthropic-v-dow,3:26-cv-01996,cand,72379655,456320514,8,2026-03-09,1,0,0,0,0,0,0,0,0,0
anthropic-v-dow,3:26-cv-01996,cand,72379655,456320515,9,2026-03-09,1,0,0,0,0,0,0,0,0,0
anthropic-v-dow,3:26-cv-01996,cand,72379655,456323600,10,2026-03-09,1,0,0,0,0,0,0,0,0,0
anthropic-v-dow,3:26-cv-01996,cand,72379655,456324806,11,2026-03-09,1,0,0,0,0,0,0,0,0,0
anthropic-v-dow,3:26-cv-01996,cand,72379655,456324807,12,2026-03-09,1,0,0,0,0,0,0,0,0,0
anthropic-v-dow,3:26-cv-01996,cand,72379655,456324808,13,2026-03-09,1,0,0,0,0,0,0,0,0,0
anthropic-v-dow,3:26-cv-01996,cand,72379655,456333455,14,2026-03-09,1,0,0,0,0,0,0,0,0,0
anthropic-v-dow,3:26-cv-01996,cand,72379655,456333456,15,2026-03-09,1,0,0,0,0,0,0,0,0,0
anthropic-v-dow,3:26-cv-01996,cand,72379655,456333457,16,2026-03-09,1,0,0,0,0,0,0,0,0,0
anthropic-v-dow,3:26-cv-01996,cand,72379655,456333458,17,2026-03-09,1,0,0,0,0,0,0,0,0,0
anthropic-v-dow,3:26-cv-01996,cand,72379655,456333459,18,2026-03-09,1,0,0,0,0,0,0,0,0,0
anthropic-v-dow,3:26-cv-01996,cand,72379655,456333460,19,2026-03-09,1,0,0,0,0,0,0,0,0,0
anthropic-v-dow,3:26-cv-01996,cand,72379655,456333461,20,2026-03-09,1,0,0,0,0,0,0,0,0,0
anthropic-v-dow,3:26-cv-01996,cand,72379655,456352713,21,2026-03-09,1,0,0,0,0,0,0,0,0,0
anthropic-v-dow,3:26-cv-01996,cand,72379655,456376829,22,2026-03-09,1,0,0,0,0,0,0,0,0,0
anthropic-v-dow,3:26-cv-01996,cand,72379655,456376526,23,2026-03-09,1,0,0,0,0,0,0,0,0,0
anthropic-v-dow,3:26-cv-01996,cand,72379655,456376416,24,2026-03-09,1,0,0,0,0,0,0,0,0,0
anthropic-v-dow,3:26-cv-01996,cand,72379655,456376830,25,2026-03-09,1,0,1,0,0,0,0,0,0,0
anthropic-v-dow,3:26-cv-01996,cand,72379655,456388186,26,2026-03-09,1,0,0,0,0,0,0,0,0,0
anthropic-v-dow,3:26-cv-01996,cand,72379655,456417492,27,2026-03-09,1,0,0,0,0,0,0,0,0,0
anthropic-v-dow,3:26-cv-01996,cand,72379655,456420964,28,2026-03-09,1,0,0,0,0,0,0,0,0,0
anthropic-v-dow,3:26-cv-01996,cand,72379655,456459833,29,2026-03-10,1,0,0,0,0,0,0,0,0,0
anthropic-v-dow,3:26-cv-01996,cand,72379655,456527834,30,2026-03-10,1,0,0,0,0,0,0,0,0,0
anthropic-v-dow,3:26-cv-01996,cand,72379655,456527835,31,2026-03-10,1,0,0,0,0,0,0,0,0,0
anthropic-v-dow,3:26-cv-01996,cand,72379655,456541124,32,2026-03-10,1,0,0,0,0,0,0,0,0,0
anthropic-v-dow,3:26-cv-01996,cand,72379655,456541044,33,2026-03-10,1,0,0,0,0,0,0,0,0,0
anthropic-v-dow,3:26-cv-01996,cand,72379655,456550165,34,2026-03-10,1,0,0,0,0,0,0,0,0,0
anthropic-v-dow,3:26-cv-01996,cand,72379655,456572574,35,2026-03-10,1,0,0,0,0,0,0,0,0,0
anthropic-v-dow,3:26-cv-01996,cand,72379655,456572508,36,2026-03-10,1,0,0,0,0,0,0,0,0,0
anthropic-v-dow,3:26-cv-01996,cand,72379655,456572489,37,2026-03-10,1,0,0,0,0,0,0,0,0,0
anthropic-v-dow,3:26-cv-01996,cand,72379655,456606231,38,2026-03-10,1,0,0,0,1,0,0,0,0,0
anthropic-v-dow,3:26-cv-01996,cand,72379655,456699825,39,2026-03-10,1,0,0,0,0,0,0,0,0,0
anthropic-v-dow,3:26-cv-01996,cand,72379655,456668967,40,2026-03-10,1,0,0,0,0,0,0,0,0,0
anthropic-v-dow,3:26-cv-01996,cand,72379655,456668945,41,2026-03-10,1,0,0,0,0,0,0,0,0,0
anthropic-v-dow,3:26-cv-01996,cand,72379655,456673468,42,2026-03-10,1,0,0,0,0,0,0,0,0,0
anthropic-v-dow,3:26-cv-01996,cand,72379655,456673409,43,2026-03-10,1,0,0,0,0,0,0,0,0,0
anthropic-v-dow,3:26-cv-01996,cand,72379655,456679704,44,2026-03-10,1,0,0,0,0,0,0,0,0,0
anthropic-v-dow,3:26-cv-01996,cand,72379655,456679697,45,2026-03-10,1,0,0,0,0,0,0,0,0,0
anthropic-v-dow,3:26-cv-01996,cand,72379655,456685784,46,2026-03-10,1,0,0,0,0,0,0,0,0,0
anthropic-v-dow,3:26-cv-01996,cand,72379655,456742976,47,2026-03-11,1,0,0,0,0,0,0,0,0,0
anthropic-v-dow,3:26-cv-01996,cand,72379655,456809305,48,2026-03-11,1,0,0,0,0,0,0,0,0,0
anthropic-v-dow,3:26-cv-01996,cand,72379655,456809118,49,2026-03-11,1,0,0,0,0,0,0,0,0,0
anthropic-v-dow,3:26-cv-01996,cand,72379655,456809094,50,2026-03-11,1,0,0,0,0,0,0,0,0,0
anthropic-v-dow,3:26-cv-01996,cand,72379655,456809070,51,2026-03-11,1,0,0,0,0,0,0,0,0,0
anthropic-v-dow,3:26-cv-01996,cand,72379655,456809047,52,2026-03-11,1,0,0,0,0,0,0,0,0,0
anthropic-v-dow,3:26-cv-01996,cand,72379655,456809012,53,2026-03-11,1,0,0,0,0,0,0,0,0,0
anthropic-v-dow,3:26-cv-01996,cand,72379655,456831545,54,2026-03-11,1,0,0,0,0,0,0,0,0,0
anthropic-v-dow,3:26-cv-01996,cand,72379655,456994258,55,2026-03-12,1,0,0,0,0,0,0,0,0,0
anthropic-v-dow,3:26-cv-01996,cand,72379655,456995465,56,2026-03-12,1,0,0,0,0,0,0,0,0,0
anthropic-v-dow,3:26-cv-01996,cand,72379655,456995466,57,2026-03-12,1,0,0,0,0,0,1,0,1,0
anthropic-v-dow,3:26-cv-01996,cand,72379655,457002827,58,2026-03-12,1,0,0,0,0,0,0,0,0,0
anthropic-v-dow,3:26-cv-01996,cand,72379655,457003478,59,2026-03-12,1,0,0,0,0,0,0,0,0,0
anthropic-v-dow,3:26-cv-01996,cand,72379655,457003433,60,2026-03-12,1,0,0,0,0,0,0,0,0,0
anthropic-v-dow,3:26-cv-01996,cand,72379655,457080185,61,2026-03-13,1,0,0,0,0,0,0,0,0,0
anthropic-v-dow,3:26-cv-01996,cand,72379655,457087149,62,2026-03-13,1,0,0,0,0,0,0,0,0,0
anthropic-v-dow,3:26-cv-01996,cand,72379655,457088331,63,2026-03-13,1,0,0,0,0,0,0,0,0,0
anthropic-v-dow,3:26-cv-01996,cand,72379655,457096667,64,2026-03-13,1,0,0,0,0,0,0,0,0,0
anthropic-v-dow,3:26-cv-01996,cand,72379655,457106356,65,2026-03-13,1,0,0,0,0,0,0,0,0,0
anthropic-v-dow,3:26-cv-01996,cand,72379655,457106328,66,2026-03-13,1,0,0,0,0,0,0,0,0,0
anthropic-v-dow,3:26-cv-01996,cand,72379655,457121296,67,2026-03-13,1,0,0,0,0,0,0,0,0,0
anthropic-v-dow,3:26-cv-01996,cand,72379655,457161346,68,2026-03-13,1,0,0,0,0,0,0,0,0,0
anthropic-v-dow,3:26-cv-01996,cand,72379655,457161347,69,2026-03-13,1,0,0,0,0,0,0,0,0,0
anthropic-v-dow,3:26-cv-01996,cand,72379655,457161348,70,2026-03-13,1,0,0,0,0,0,0,0,0,0
anthropic-v-dow,3:26-cv-01996,cand,72379655,457152869,71,2026-03-13,1,0,0,0,0,0,0,0,0,0
anthropic-v-dow,3:26-cv-01996,cand,72379655,457156981,72,2026-03-13,1,0,0,0,0,0,0,0,0,0
anthropic-v-dow,3:26-cv-01996,cand,72379655,457158179,73,2026-03-13,1,0,0,0,0,0,0,0,0,0
anthropic-v-dow,3:26-cv-01996,cand,72379655,457160248,74,2026-03-13,1,0,0,0,0,0,0,0,0,0
anthropic-v-dow,3:26-cv-01996,cand,72379655,457160233,75,2026-03-13,1,0,0,0,0,0,0,0,0,0
anthropic-v-dow,3:26-cv-01996,cand,72379655,457161349,76,2026-03-13,1,0,0,0,0,0,0,0,0,0
anthropic-v-dow,3:26-cv-01996,cand,72379655,457160198,77,2026-03-13,1,0,0,0,0,0,0,0,0,0
anthropic-v-dow,3:26-cv-01996,cand,72379655,457161350,78,2026-03-13,1,0,0,0,0,0,0,0,0,0
anthropic-v-dow,3:26-cv-01996,cand,72379655,457161351,79,2026-03-13,1,0,0,0,0,0,0,0,0,0
anthropic-v-dow,3:26-cv-01996,cand,72379655,457161699,80,2026-03-13,1,0,0,0,0,0,0,0,0,0
anthropic-v-dow,3:26-cv-01996,cand,72379655,457162777,81,2026-03-13,1,0,0,0,0,0,0,0,0,0
anthropic-v-dow,3:26-cv-01996,cand,72379655,457162774,82,2026-03-13,1,0,0,0,0,0,0,0,0,0
anthropic-v-dow,3:26-cv-01996,cand,72379655,457162765,83,2026-03-13,1,0,0,0,0,0,0,0,0,0
anthropic-v-dow,3:26-cv-01996,cand,72379655,457164928,84,2026-03-13,1,0,0,0,0,0,0,0,0,0
anthropic-v-dow,3:26-cv-01996,cand,72379655,457190345,85,2026-03-14,1,0,0,0,0,0,0,0,0,0
anthropic-v-dow,3:26-cv-01996,cand,72379655,457255047,86,2026-03-16,1,0,0,0,0,0,0,0,0,0
anthropic-v-dow,3:26-cv-01996,cand,72379655,457254516,87,2026-03-16,1,0,0,0,0,0,0,0,0,0
anthropic-v-dow,3:26-cv-01996,cand,72379655,457254514,88,2026-03-16,1,0,0,0,0,0,0,0,0,0
anthropic-v-dow,3:26-cv-01996,cand,72379655,457340652,89,2026-03-16,1,0,0,0,0,0,0,0,0,0
anthropic-v-dow,3:26-cv-01996,cand,72379655,457340366,90,2026-03-16,1,0,0,0,0,0,0,0,0,0
anthropic-v-dow,3:26-cv-01996,cand,72379655,457349184,91,2026-03-16,1,0,0,0,0,0,0,0,0,0
anthropic-v-dow,3:26-cv-01996,cand,72379655,457352390,92,2026-03-16,1,0,0,0,0,0,0,0,0,0
anthropic-v-dow,3:26-cv-01996,cand,72379655,457352300,93,2026-03-16,1,0,0,0,0,0,0,0,0,0
anthropic-v-dow,3:26-cv-01996,cand,72379655,457423040,94,2026-03-17,1,0,0,0,0,0,0,0,0,0
anthropic-v-dow,3:26-cv-01996,cand,72379655,457423027,95,2026-03-17,1,0,0,0,0,0,0,0,0,0
anthropic-v-dow,3:26-cv-01996,cand,72379655,457564033,96,2026-03-17,1,0,0,0,0,0,0,0,1,0
anthropic-v-dow,3:26-cv-01996,cand,72379655,457564866,97,2026-03-17,1,0,0,0,0,0,0,0,0,0
anthropic-v-dow,3:26-cv-01996,cand,72379655,457597434,98,2026-03-18,1,0,0,0,0,0,0,0,0,0
anthropic-v-dow,3:26-cv-01996,cand,72379655,457615381,99,2026-03-18,1,0,0,0,0,0,0,0,0,0
anthropic-v-dow,3:26-cv-01996,cand,72379655,457656358,100,2026-03-18,1,0,0,0,0,0,0,0,0,0
anthropic-v-dow,3:26-cv-01996,cand,72379655,457694046,101,2026-03-18,1,0,0,0,0,0,0,0,0,0
anthropic-v-dow,3:26-cv-01996,cand,72379655,457694047,102,2026-03-18,1,0,0,0,0,0,0,0,0,0
anthropic-v-dow,3:26-cv-01996,cand,72379655,457710297,103,2026-03-18,1,0,0,0,0,0,0,0,0,0
anthropic-v-dow,3:26-cv-01996,cand,72379655,457710095,104,2026-03-18,1,0,0,0,0,0,0,0,0,0
anthropic-v-dow,3:26-cv-01996,cand,72379655,457736240,105,2026-03-18,1,0,0,0,0,0,0,0,0,0
anthropic-v-dow,3:26-cv-01996,cand,72379655,457830265,106,2026-03-19,1,0,0,0,0,0,0,0,0,0
anthropic-v-dow,3:26-cv-01996,cand,72379655,457842239,107,2026-03-19,1,0,0,0,0,0,0,0,0,0
anthropic-v-dow,3:26-cv-01996,cand,72379655,457849548,108,2026-03-19,1,0,0,0,0,0,0,0,0,0
anthropic-v-dow,3:26-cv-01996,cand,72379655,457854344,109,2026-03-19,1,0,0,0,0,0,0,0,0,0
anthropic-v-dow,3:26-cv-01996,cand,72379655,457947044,110,2026-03-20,1,0,0,0,0,0,0,0,0,0
anthropic-v-dow,3:26-cv-01996,cand,72379655,457984165,111,2026-03-20,1,0,0,1,0,0,0,0,0,0
anthropic-v-dow,3:26-cv-01996,cand,72379655,457984166,112,2026-03-20,1,0,0,0,0,0,0,0,0,0
anthropic-v-dow,3:26-cv-01996,cand,72379655,458045238,113,2026-03-20,1,0,0,0,0,0,0,0,1,0
anthropic-v-dow,3:26-cv-01996,cand,72379655,458045706,114,2026-03-20,1,0,0,0,0,0,0,0,1,0
anthropic-v-dow,3:26-cv-01996,cand,72379655,458045707,115,2026-03-20,1,0,0,0,0,0,0,0,1,0
anthropic-v-dow,3:26-cv-01996,cand,72379655,458045708,116,2026-03-20,1,0,0,0,0,0,0,0,1,0
anthropic-v-dow,3:26-cv-01996,cand,72379655,458075411,117,2026-03-20,1,0,0,0,0,0,1,0,0,0
anthropic-v-dow,3:26-cv-01996,cand,72379655,458339995,121,2026-03-20,1,0,0,0,0,0,0,0,0,0
anthropic-v-dow,3:26-cv-01996,cand,72379655,458344352,122,2026-03-20,1,0,0,0,0,0,0,0,0,0
anthropic-v-dow,3:26-cv-01996,cand,72379655,458218790,118,2026-03-23,1,0,0,0,0,0,0,0,0,0
anthropic-v-dow,3:26-cv-01996,cand,72379655,458269985,119,2026-03-23,1,0,0,0,0,0,0,0,0,0
anthropic-v-dow,3:26-cv-01996,cand,72379655,458320024,120,2026-03-24,1,0,0,0,0,0,0,0,0,0
anthropic-v-dow,3:26-cv-01996,cand,72379655,458411293,123,2026-03-24,1,0,0,0,1,0,0,0,0,0
anthropic-v-dow,3:26-cv-01996,cand,72379655,458417237,124,2026-03-24,1,0,0,0,0,0,0,0,0,0
anthropic-v-dow,3:26-cv-01996,cand,72379655,458417238,125,2026-03-24,1,0,0,0,0,0,0,0,0,0
anthropic-v-dow,3:26-cv-01996,cand,72379655,458421168,126,2026-03-24,1,0,0,0,0,0,0,0,1,0
anthropic-v-dow,3:26-cv-01996,cand,72379655,458461841,127,2026-03-25,1,0,0,0,0,0,0,0,0,0
anthropic-v-dow,3:26-cv-01996,cand,72379655,458500651,128,2026-03-25,1,0,0,0,0,0,1,0,1,0
anthropic-v-dow,3:26-cv-01996,cand,72379655,458510170,129,2026-03-25,1,0,0,0,0,0,0,0,0,0
anthropic-v-dow,3:26-cv-01996,cand,72379655,458515105,130,2026-03-25,1,0,0,0,0,0,0,0,0,0
anthropic-v-dow,3:26-cv-01996,cand,72379655,458561276,131,2026-03-25,1,0,0,0,0,0,0,0,1,0
anthropic-v-dow,3:26-cv-01996,cand,72379655,458693121,132,2026-03-26,1,0,0,0,0,0,0,0,0,0
anthropic-v-dow,3:26-cv-01996,cand,72379655,458698978,133,2026-03-26,1,0,0,0,0,0,1,0,1,0
anthropic-v-dow,3:26-cv-01996,cand,72379655,458731024,134,2026-03-26,1,0,0,0,0,0,0,0,0,0
anthropic-v-dow,3:26-cv-01996,cand,72379655,458731025,135,2026-03-26,1,0,0,0,0,0,0,0,0,0
anthropic-v-dow,3:26-cv-01996,cand,72379655,458822010,136,2026-03-27,1,0,0,0,0,0,0,0,0,0
anthropic-v-dow,3:26-cv-01996,cand,72379655,458822011,137,2026-03-27,1,0,0,0,0,0,1,0,0,0
anthropic-v-dow,3:26-cv-01996,cand,72379655,459026599,138,2026-03-30,1,0,0,0,0,0,0,0,0,0
anthropic-v-dow,3:26-cv-01996,cand,72379655,459335714,139,2026-04-01,1,0,0,0,0,0,1,0,0,0
anthropic-v-dow,3:26-cv-01996,cand,72379655,459402408,140,2026-04-01,1,0,0,0,0,0,0,0,0,0
anthropic-v-dow,3:26-cv-01996,cand,72379655,459492144,143,2026-04-01,1,0,0,0,0,0,0,0,0,0
anthropic-v-dow,3:26-cv-01996,cand,72379655,459457629,141,2026-04-02,1,0,0,0,0,0,0,0,0,0
anthropic-v-dow,3:26-cv-01996,cand,72379655,459470793,142,2026-04-02,1,0,0,0,0,0,0,0,0,0
anthropic-v-dow,3:26-cv-01996,cand,72379655,459643150,144,2026-04-03,1,0,0,0,0,0,0,0,0,0
anthropic-v-dow,3:26-cv-01996,cand,72379655,459646931,145,2026-04-03,1,0,0,0,0,0,0,0,0,0
anthropic-v-dow,3:26-cv-01996,cand,72379655,459866004,146,2026-04-06,1,0,0,0,0,0,0,0,0,0
anthropic-v-dow,3:26-cv-01996,cand,72379655,460224140,147,2026-04-09,1,0,0,0,0,0,1,0,0,0
anthropic-v-dow,3:26-cv-01996,cand,72379655,460402793,148,2026-04-10,1,0,0,0,0,0,0,0,1,0
anthropic-v-dow,3:26-cv-01996,cand,72379655,461544129,149,2026-04-21,1,0,0,0,0,0,0,0,0,0
anthropic-v-dow,3:26-cv-01996,cand,72379655,461818939,150,2026-04-23,1,0,1,0,0,0,5,0,0,0
anthropic-v-dow,3:26-cv-01996,cand,72379655,463749553,151,2026-05-06,1,0,0,0,0,0,0,0,0,0
anthropic-v-dow,3:26-cv-01996,cand,72379655,463821159,152,2026-05-12,1,0,0,0,0,0,0,0,0,0
anthropic-v-dow,3:26-cv-01996,cand,72379655,465017972,153,2026-05-22,1,0,0,0,0,0,0,0,0,0
anthropic-v-dow,3:26-cv-01996,cand,72379655,465031807,154,2026-05-22,1,0,0,0,0,0,1,0,0,0
anthropic-v-dow,3:26-cv-01996,cand,72379655,465030280,155,2026-05-22,1,0,0,0,0,0,0,0,0,0
anthropic-v-dow,3:26-cv-01996,cand,72379655,465731724,156,2026-05-29,1,0,0,0,0,0,0,0,0,0
anthropic-v-dow,3:26-cv-01996,cand,72379655,465935441,157,2026-06-01,1,0,0,0,0,0,0,0,1,0
us-v-knoot,26-5455,ca6,73388385,465122217,1,2026-05-20,1,0,0,0,0,0,0,0,0,0
us-v-knoot,26-5455,ca6,73388385,465122218,2,2026-05-21,1,0,0,0,0,0,0,0,0,0
us-v-knoot,26-5455,ca6,73388385,466181578,3,2026-06-01,1,0,0,0,0,0,0,0,0,0
us-v-knoot,26-5455,ca6,73388385,466181579,4,2026-06-03,1,0,0,0,0,0,0,0,0,0
us-v-knoot,26-5455,ca6,73388385,466173650,5,2026-06-03,1,0,0,0,0,0,0,0,0,0
us-v-knoot,3:24-cr-00151,tnmd,69026861,398841679,1,2024-08-07,1,0,0,0,0,0,0,0,0,0
us-v-knoot,3:24-cr-00151,tnmd,69026861,398841671,2,2024-08-07,1,0,0,0,0,0,0,0,0,0
us-v-knoot,3:24-cr-00151,tnmd,69026861,424452497,3,2024-08-07,1,0,0,0,0,0,0,0,0,0
us-v-knoot,3:24-cr-00151,tnmd,69026861,424452498,4,2024-08-07,1,0,0,0,0,0,0,0,0,0
us-v-knoot,3:24-cr-00151,tnmd,69026861,424452499,5,2024-08-07,1,0,0,0,0,0,0,0,0,0
us-v-knoot,3:24-cr-00151,tnmd,69026861,398841603,6,2024-08-08,1,0,0,0,0,0,0,0,0,0
us-v-knoot,3:24-cr-00151,tnmd,69026861,398841598,7,2024-08-08,1,0,0,0,0,0,0,0,0,0
us-v-knoot,3:24-cr-00151,tnmd,69026861,424452500,8,2024-08-08,1,0,0,0,0,0,0,0,0,0
us-v-knoot,3:24-cr-00151,tnmd,69026861,424452502,9,2024-08-08,1,0,0,0,1,0,0,0,0,0
us-v-knoot,3:24-cr-00151,tnmd,69026861,424452503,10,2024-08-08,1,0,0,0,0,0,0,0,0,0
us-v-knoot,3:24-cr-00151,tnmd,69026861,398970393,11,2024-08-08,1,0,0,0,0,0,0,0,0,0
us-v-knoot,3:24-cr-00151,tnmd,69026861,398970384,12,2024-08-08,1,0,0,0,0,0,0,0,0,0
us-v-knoot,3:24-cr-00151,tnmd,69026861,398970349,13,2024-08-08,1,0,0,0,0,0,0,0,0,0
us-v-knoot,3:24-cr-00151,tnmd,69026861,424452501,,2024-08-08,1,0,0,0,0,0,0,0,0,0
us-v-knoot,3:24-cr-00151,tnmd,69026861,399108702,14,2024-08-12,1,0,3,0,0,0,0,0,0,0
us-v-knoot,3:24-cr-00151,tnmd,69026861,404270130,15,2024-10-04,1,0,0,1,0,0,0,0,0,0
us-v-knoot,3:24-cr-00151,tnmd,69026861,404279373,16,2024-10-04,1,0,0,0,0,0,0,0,0,0
us-v-knoot,3:24-cr-00151,tnmd,69026861,424452504,17,2024-10-04,1,0,0,0,0,0,0,0,0,0
us-v-knoot,3:24-cr-00151,tnmd,69026861,404432984,18,2024-10-07,1,0,0,1,0,0,0,0,0,0
us-v-knoot,3:24-cr-00151,tnmd,69026861,405399420,19,2024-10-17,1,0,0,0,0,0,0,0,0,0
us-v-knoot,3:24-cr-00151,tnmd,69026861,405457622,20,2024-10-17,1,0,1,0,0,0,0,0,0,0
us-v-knoot,3:24-cr-00151,tnmd,69026861,405568132,21,2024-10-18,1,0,0,0,0,0,0,0,0,0
us-v-knoot,3:24-cr-00151,tnmd,69026861,406264883,22,2024-10-25,1,0,0,0,0,0,0,0,0,0
us-v-knoot,3:24-cr-00151,tnmd,69026861,406406106,23,2024-10-28,1,0,0,1,0,0,0,0,0,0
us-v-knoot,3:24-cr-00151,tnmd,69026861,424452505,24,2024-11-01,1,0,0,0,0,0,0,0,0,0
us-v-knoot,3:24-cr-00151,tnmd,69026861,424452506,25,2024-11-01,1,0,0,0,0,0,0,0,0,0
us-v-knoot,3:24-cr-00151,tnmd,69026861,424452507,26,2024-11-01,1,0,0,0,0,0,0,0,0,0
us-v-knoot,3:24-cr-00151,tnmd,69026861,424452508,27,2024-11-01,1,0,0,0,1,0,0,0,0,0
us-v-knoot,3:24-cr-00151,tnmd,69026861,407522428,28,2024-11-07,1,0,0,0,0,0,0,0,0,0
us-v-knoot,3:24-cr-00151,tnmd,69026861,407522398,29,2024-11-07,1,0,0,3,0,0,0,0,0,0
us-v-knoot,3:24-cr-00151,tnmd,69026861,424452509,30,2024-11-25,1,0,0,0,0,0,0,0,0,0
us-v-knoot,3:24-cr-00151,tnmd,69026861,409303177,31,2024-11-25,1,0,0,0,0,0,0,0,0,0
us-v-knoot,3:24-cr-00151,tnmd,69026861,409806569,32,2024-12-02,1,0,0,0,0,0,0,0,0,0
us-v-knoot,3:24-cr-00151,tnmd,69026861,424452510,33,2024-12-04,1,0,0,0,0,0,0,0,0,0
us-v-knoot,3:24-cr-00151,tnmd,69026861,410214232,34,2024-12-05,1,0,0,0,0,0,0,0,0,0
us-v-knoot,3:24-cr-00151,tnmd,69026861,411001764,35,2024-12-13,1,0,0,1,0,0,0,0,0,0
us-v-knoot,3:24-cr-00151,tnmd,69026861,412361976,36,2025-01-01,1,0,0,0,0,0,0,0,0,0
us-v-knoot,3:24-cr-00151,tnmd,69026861,412403876,37,2025-01-02,1,0,0,1,0,0,0,0,0,0
us-v-knoot,3:24-cr-00151,tnmd,69026861,424452511,38,2025-01-29,1,0,0,0,1,0,0,0,0,0
us-v-knoot,3:24-cr-00151,tnmd,69026861,416735058,39,2025-02-17,1,0,0,0,0,0,0,0,0,0
us-v-knoot,3:24-cr-00151,tnmd,69026861,424452512,40,2025-02-17,1,0,0,0,0,0,0,0,0,0
us-v-knoot,3:24-cr-00151,tnmd,69026861,416777905,41,2025-02-18,1,0,0,3,0,0,0,0,0,0
us-v-knoot,3:24-cr-00151,tnmd,69026861,417467594,42,2025-02-25,1,0,0,0,0,0,0,0,0,0
us-v-knoot,3:24-cr-00151,tnmd,69026861,417616599,43,2025-02-26,1,0,1,0,0,0,0,0,0,0
us-v-knoot,3:24-cr-00151,tnmd,69026861,417791618,44,2025-02-27,1,0,0,0,0,0,0,0,0,0
us-v-knoot,3:24-cr-00151,tnmd,69026861,417804593,45,2025-02-27,1,0,0,1,0,0,0,0,0,0
us-v-knoot,3:24-cr-00151,tnmd,69026861,424452513,46,2025-03-04,1,0,0,0,1,0,0,0,0,0
us-v-knoot,3:24-cr-00151,tnmd,69026861,424452514,47,2025-03-18,1,0,0,0,0,0,0,0,0,0
us-v-knoot,3:24-cr-00151,tnmd,69026861,421045792,48,2025-04-01,1,0,0,0,0,0,0,0,0,0
us-v-knoot,3:24-cr-00151,tnmd,69026861,421045788,49,2025-04-01,1,0,0,0,0,0,0,0,0,0
us-v-knoot,3:24-cr-00151,tnmd,69026861,424452515,50,2025-04-01,1,0,0,0,0,0,0,0,0,0
us-v-knoot,3:24-cr-00151,tnmd,69026861,421394867,51,2025-04-04,1,0,0,0,0,0,0,0,0,0
us-v-knoot,3:24-cr-00151,tnmd,69026861,424452516,52,2025-04-14,1,0,0,0,0,0,0,0,0,0
us-v-knoot,3:24-cr-00151,tnmd,69026861,423002892,53,2025-04-21,1,0,0,0,0,0,0,0,0,0
us-v-knoot,3:24-cr-00151,tnmd,69026861,423146284,54,2025-04-22,1,0,0,0,0,0,0,1,0,0
us-v-knoot,3:24-cr-00151,tnmd,69026861,424452517,55,2025-04-28,1,0,0,0,0,0,0,0,0,0
us-v-knoot,3:24-cr-00151,tnmd,69026861,424591945,56,2025-05-06,1,0,0,0,0,0,1,0,0,0
us-v-knoot,3:24-cr-00151,tnmd,69026861,433633641,57,2025-05-09,1,0,0,0,0,0,0,0,0,0
us-v-knoot,3:24-cr-00151,tnmd,69026861,424976170,58,2025-05-09,1,0,0,0,0,0,0,0,0,0
us-v-knoot,3:24-cr-00151,tnmd,69026861,433633642,59,2025-05-09,1,0,0,0,0,0,0,0,0,0
us-v-knoot,3:24-cr-00151,tnmd,69026861,424976159,60,2025-05-09,1,0,0,0,0,0,0,0,0,0
us-v-knoot,3:24-cr-00151,tnmd,69026861,433633643,61,2025-05-09,1,0,0,0,0,0,0,0,0,0
us-v-knoot,3:24-cr-00151,tnmd,69026861,433633644,62,2025-05-09,1,0,0,0,0,0,0,0,0,0
us-v-knoot,3:24-cr-00151,tnmd,69026861,425078027,63,2025-05-12,1,0,0,0,0,0,0,0,0,0
us-v-knoot,3:24-cr-00151,tnmd,69026861,433633645,64,2025-05-13,1,0,0,0,0,0,0,0,0,0
us-v-knoot,3:24-cr-00151,tnmd,69026861,425436754,65,2025-05-14,1,0,0,0,0,0,0,0,0,0
us-v-knoot,3:24-cr-00151,tnmd,69026861,425543417,66,2025-05-15,1,0,0,0,0,0,0,0,0,0
us-v-knoot,3:24-cr-00151,tnmd,69026861,433633646,67,2025-05-15,1,0,0,0,0,0,0,0,0,0
us-v-knoot,3:24-cr-00151,tnmd,69026861,425620435,68,2025-05-16,1,0,0,0,0,0,0,0,0,0
us-v-knoot,3:24-cr-00151,tnmd,69026861,433633647,69,2025-05-16,1,0,0,0,0,0,0,0,0,0
us-v-knoot,3:24-cr-00151,tnmd,69026861,426199055,70,2025-05-22,1,0,0,3,0,0,0,0,0,0
us-v-knoot,3:24-cr-00151,tnmd,69026861,433633648,71,2025-05-22,1,0,0,0,0,0,0,0,0,0
us-v-knoot,3:24-cr-00151,tnmd,69026861,426554704,72,2025-05-27,1,0,0,0,0,0,0,0,0,0
us-v-knoot,3:24-cr-00151,tnmd,69026861,433633649,73,2025-05-30,1,0,0,0,0,0,0,0,0,0
us-v-knoot,3:24-cr-00151,tnmd,69026861,433633650,74,2025-05-30,1,0,0,0,0,0,0,0,1,0
us-v-knoot,3:24-cr-00151,tnmd,69026861,429506529,75,2025-06-25,1,0,0,0,0,0,0,0,0,0
us-v-knoot,3:24-cr-00151,tnmd,69026861,430188735,76,2025-07-01,1,0,0,0,0,0,0,0,0,0
us-v-knoot,3:24-cr-00151,tnmd,69026861,433633651,77,2025-07-10,1,0,0,0,0,0,0,0,0,0
us-v-knoot,3:24-cr-00151,tnmd,69026861,431139313,78,2025-07-11,1,0,0,0,0,0,0,0,0,0
us-v-knoot,3:24-cr-00151,tnmd,69026861,431172025,79,2025-07-11,1,0,0,1,0,0,0,0,0,0
us-v-knoot,3:24-cr-00151,tnmd,69026861,433633652,80,2025-07-14,1,0,0,0,0,0,0,0,0,0
us-v-knoot,3:24-cr-00151,tnmd,69026861,433633653,81,2025-07-14,1,0,0,0,1,0,0,0,0,0
us-v-knoot,3:24-cr-00151,tnmd,69026861,433633654,82,2025-07-18,1,0,0,0,0,0,0,0,0,0
us-v-knoot,3:24-cr-00151,tnmd,69026861,432024855,83,2025-07-21,1,0,0,0,0,0,0,1,0,0
us-v-knoot,3:24-cr-00151,tnmd,69026861,432024852,84,2025-07-21,1,0,0,0,0,0,0,0,0,0
us-v-knoot,3:24-cr-00151,tnmd,69026861,432080527,85,2025-07-21,1,0,1,0,0,0,0,0,0,0
us-v-knoot,3:24-cr-00151,tnmd,69026861,433633655,86,2025-07-21,1,0,0,0,0,0,0,0,0,0
us-v-knoot,3:24-cr-00151,tnmd,69026861,433633656,87,2025-07-22,1,0,0,0,1,0,0,0,0,0
us-v-knoot,3:24-cr-00151,tnmd,69026861,432234277,88,2025-07-22,1,0,0,0,0,0,0,0,0,0
us-v-knoot,3:24-cr-00151,tnmd,69026861,432592041,89,2025-07-25,1,0,1,0,0,0,0,0,0,0
us-v-knoot,3:24-cr-00151,tnmd,69026861,432646472,90,2025-07-25,1,0,0,0,0,0,0,0,0,0
us-v-knoot,3:24-cr-00151,tnmd,69026861,433633657,91,2025-07-25,1,0,0,0,0,0,0,0,0,0
us-v-knoot,3:24-cr-00151,tnmd,69026861,432658468,92,2025-07-25,1,0,0,0,0,0,1,0,0,0
us-v-knoot,3:24-cr-00151,tnmd,69026861,433633658,93,2025-07-28,1,0,0,0,0,0,0,0,1,0
us-v-knoot,3:24-cr-00151,tnmd,69026861,432855557,94,2025-07-28,1,0,1,0,0,0,0,0,0,0
us-v-knoot,3:24-cr-00151,tnmd,69026861,433200782,95,2025-07-30,1,0,1,0,0,0,0,0,0,0
us-v-knoot,3:24-cr-00151,tnmd,69026861,433200778,96,2025-07-30,1,0,0,0,0,0,0,0,0,0
us-v-knoot,3:24-cr-00151,tnmd,69026861,433633659,97,2025-07-30,1,0,0,0,1,0,0,0,0,0
us-v-knoot,3:24-cr-00151,tnmd,69026861,433633660,98,2025-07-31,1,0,0,3,1,0,0,0,0,0
us-v-knoot,3:24-cr-00151,tnmd,69026861,433633661,99,2025-07-31,1,0,0,0,0,0,0,0,0,0
us-v-knoot,3:24-cr-00151,tnmd,69026861,433424949,100,2025-08-01,1,0,0,3,0,0,0,0,0,0
us-v-knoot,3:24-cr-00151,tnmd,69026861,434186113,101,2025-08-08,1,0,0,0,0,0,0,0,0,0
us-v-knoot,3:24-cr-00151,tnmd,69026861,438296277,102,2025-08-15,1,0,0,0,0,0,0,0,0,0
us-v-knoot,3:24-cr-00151,tnmd,69026861,438296278,103,2025-08-15,1,0,0,0,0,0,0,0,0,0
us-v-knoot,3:24-cr-00151,tnmd,69026861,438296279,104,2025-08-15,1,0,0,0,0,0,0,0,0,0
us-v-knoot,3:24-cr-00151,tnmd,69026861,434894518,105,2025-08-15,1,0,0,0,0,0,0,0,0,0
us-v-knoot,3:24-cr-00151,tnmd,69026861,438296280,106,2025-08-21,1,0,0,0,0,0,0,0,0,0
us-v-knoot,3:24-cr-00151,tnmd,69026861,438296281,107,2025-08-25,1,0,0,0,0,0,0,0,0,0
us-v-knoot,3:24-cr-00151,tnmd,69026861,438296282,108,2025-08-26,1,0,0,0,0,0,0,0,0,0
us-v-knoot,3:24-cr-00151,tnmd,69026861,438296283,109,2025-08-26,1,0,0,0,0,0,0,0,3,0
us-v-knoot,3:24-cr-00151,tnmd,69026861,437957687,110,2025-09-16,1,0,0,0,0,0,0,0,0,0
us-v-knoot,3:24-cr-00151,tnmd,69026861,438028252,111,2025-09-16,1,0,0,1,0,0,0,0,0,0
us-v-knoot,3:24-cr-00151,tnmd,69026861,438135990,112,2025-09-17,1,0,0,0,0,0,0,0,0,0
us-v-knoot,3:24-cr-00151,tnmd,69026861,438296284,113,2025-09-17,1,0,0,0,0,0,0,0,0,0
us-v-knoot,3:24-cr-00151,tnmd,69026861,438227627,114,2025-09-18,1,0,0,0,0,0,1,0,0,0
us-v-knoot,3:24-cr-00151,tnmd,69026861,438364459,115,2025-09-19,1,0,0,0,0,0,0,0,0,0
us-v-knoot,3:24-cr-00151,tnmd,69026861,438409925,116,2025-09-19,1,0,1,0,0,0,0,0,0,0
us-v-knoot,3:24-cr-00151,tnmd,69026861,443681030,117,2025-09-29,1,0,0,0,1,0,0,0,0,0
us-v-knoot,3:24-cr-00151,tnmd,69026861,443681031,118,2025-09-29,1,0,0,0,0,0,0,0,0,0
us-v-knoot,3:24-cr-00151,tnmd,69026861,443681032,119,2025-09-29,1,0,0,0,0,0,0,0,0,0
us-v-knoot,3:24-cr-00151,tnmd,69026861,439432748,120,2025-09-29,1,0,1,0,0,0,0,0,0,0
us-v-knoot,3:24-cr-00151,tnmd,69026861,443653224,121,2025-11-10,1,0,0,0,0,0,0,0,0,0
us-v-knoot,3:24-cr-00151,tnmd,69026861,443676834,122,2025-11-10,1,0,0,0,0,0,0,0,0,0
us-v-knoot,3:24-cr-00151,tnmd,69026861,450569260,123,2026-01-13,1,0,0,0,0,0,0,0,0,0
us-v-knoot,3:24-cr-00151,tnmd,69026861,450293081,124,2026-01-14,1,0,0,0,0,0,0,0,0,0
us-v-knoot,3:24-cr-00151,tnmd,69026861,450885991,125,2026-01-20,1,0,0,1,0,0,0,0,0,0
us-v-knoot,3:24-cr-00151,tnmd,69026861,463618799,126,2026-03-16,1,0,0,0,0,0,0,0,0,0
us-v-knoot,3:24-cr-00151,tnmd,69026861,458354900,127,2026-03-24,1,0,0,0,0,1,0,0,0,0
us-v-knoot,3:24-cr-00151,tnmd,69026861,461098287,128,2026-04-17,1,0,1,0,0,0,0,0,0,0
us-v-knoot,3:24-cr-00151,tnmd,69026861,463618800,129,2026-04-24,1,0,0,0,0,0,0,0,0,0
us-v-knoot,3:24-cr-00151,tnmd,69026861,462128874,130,2026-04-27,1,0,0,0,0,0,0,0,0,0
us-v-knoot,3:24-cr-00151,tnmd,69026861,462128850,131,2026-04-27,1,0,0,0,0,0,0,0,0,0
us-v-knoot,3:24-cr-00151,tnmd,69026861,462128844,132,2026-04-27,1,0,0,0,0,0,0,0,0,0
us-v-knoot,3:24-cr-00151,tnmd,69026861,462219191,133,2026-04-28,1,0,0,0,0,0,0,0,0,0
us-v-knoot,3:24-cr-00151,tnmd,69026861,463618801,134,2026-04-28,1,0,0,0,0,0,0,0,0,0
us-v-knoot,3:24-cr-00151,tnmd,69026861,462246103,135,2026-04-28,1,0,0,0,0,0,0,0,0,0
us-v-knoot,3:24-cr-00151,tnmd,69026861,463618802,136,2026-05-01,1,0,0,0,1,0,0,0,0,0
us-v-knoot,3:24-cr-00151,tnmd,69026861,463618803,137,2026-05-01,1,0,0,0,0,0,0,0,0,0
us-v-knoot,3:24-cr-00151,tnmd,69026861,463032554,138,2026-05-05,1,0,0,0,0,0,0,0,0,0
us-v-knoot,3:24-cr-00151,tnmd,69026861,463058947,139,2026-05-05,1,0,0,0,0,0,0,0,0,0
us-v-knoot,3:24-cr-00151,tnmd,69026861,463905300,140,2026-05-13,1,0,0,0,0,0,0,0,0,0
us-v-knoot,3:24-cr-00151,tnmd,69026861,464604919,141,2026-05-19,1,0,0,0,0,0,0,0,0,0
us-v-knoot,3:24-cr-00151,tnmd,69026861,465122160,142,2026-05-19,1,0,0,0,0,0,0,0,0,0
us-v-knoot,3:24-cr-00151,tnmd,69026861,465122161,143,2026-05-20,1,0,0,0,0,0,0,0,0,0
us-v-knoot,3:24-cr-00151,tnmd,69026861,465122162,144,2026-05-20,1,0,0,0,0,0,0,0,0,0
us-v-knoot,3:24-cr-00151,tnmd,69026861,465839017,145,2026-05-27,1,0,0,0,0,0,0,0,0,0
us-v-gholinejad,25-4607,ca4,71906511,465124522,1,2025-11-13,1,0,0,0,0,0,0,0,0,0
us-v-gholinejad,25-4607,ca4,71906511,443962138,2,2025-11-13,1,0,0,0,0,0,0,0,0,0
us-v-gholinejad,25-4607,ca4,71906511,465124523,3,2025-11-13,1,0,0,0,0,0,0,0,0,0
us-v-gholinejad,25-4607,ca4,71906511,465124524,4,2025-11-17,1,0,0,0,0,0,0,0,0,0
us-v-gholinejad,25-4607,ca4,71906511,465124525,5,2025-12-01,1,0,0,0,0,0,0,0,0,0
us-v-gholinejad,25-4607,ca4,71906511,465124526,6,2025-12-01,1,0,0,0,0,0,0,0,0,0
us-v-gholinejad,25-4607,ca4,71906511,465124527,7,2025-12-02,1,0,0,0,0,0,0,0,0,0
us-v-gholinejad,25-4607,ca4,71906511,465124528,8,2025-12-02,1,0,0,0,0,0,0,0,0,0
us-v-gholinejad,25-4607,ca4,71906511,465124529,9,2025-12-03,1,0,0,0,0,0,0,0,0,0
us-v-gholinejad,25-4607,ca4,71906511,465124530,10,2025-12-03,1,0,0,0,0,0,0,0,0,0
us-v-gholinejad,25-4607,ca4,71906511,449975524,11,2026-01-12,1,0,0,0,0,0,0,0,0,0
us-v-gholinejad,25-4607,ca4,71906511,465124531,12,2026-02-10,1,0,0,0,0,0,0,0,0,0
us-v-gholinejad,25-4607,ca4,71906511,453349382,13,2026-02-10,1,0,0,0,0,0,0,1,0,0
us-v-gholinejad,25-4607,ca4,71906511,465124532,14,2026-03-10,1,0,0,0,0,0,0,0,0,0
us-v-gholinejad,25-4607,ca4,71906511,456546320,15,2026-03-10,1,0,0,0,0,0,0,0,0,0
us-v-gholinejad,25-4607,ca4,71906511,464331189,16,2026-04-14,1,0,0,0,0,0,0,0,1,0
us-v-gholinejad,25-4607,ca4,71906511,464331190,17,2026-04-14,1,0,0,0,0,0,0,0,0,0
us-v-gholinejad,25-4607,ca4,71906511,464331191,18,2026-04-14,1,0,0,0,0,0,0,0,0,0
us-v-gholinejad,25-4607,ca4,71906511,464331192,19,2026-04-14,1,0,0,0,0,0,0,0,0,0
us-v-gholinejad,25-4607,ca4,71906511,464331193,20,2026-04-14,1,0,0,0,0,0,0,0,0,0
us-v-gholinejad,25-4607,ca4,71906511,460806117,21,2026-04-15,1,0,0,0,0,0,0,0,0,0
us-v-gholinejad,25-4607,ca4,71906511,464331194,22,2026-05-05,1,0,0,0,0,0,0,0,0,0
us-v-gholinejad,25-4607,ca4,71906511,464331195,23,2026-05-11,1,0,0,0,0,0,0,0,0,0
us-v-gholinejad,25-4607,ca4,71906511,463609575,24,2026-05-11,1,0,0,0,0,0,0,1,0,0
us-v-gholinejad,4:24-cr-00016,nced,70378502,426569281,1,2024-04-04,1,0,0,0,0,0,0,0,0,0
us-v-gholinejad,4:24-cr-00016,nced,70378502,426569282,2,2024-04-04,1,0,0,0,0,0,0,0,0,0
us-v-gholinejad,4:24-cr-00016,nced,70378502,426569283,3,2024-04-04,1,0,0,0,0,0,0,0,0,0
us-v-gholinejad,4:24-cr-00016,nced,70378502,426569284,4,2024-04-04,1,0,0,0,0,0,0,0,0,0
us-v-gholinejad,4:24-cr-00016,nced,70378502,426569285,5,2024-04-04,1,0,0,0,0,0,0,0,0,0
us-v-gholinejad,4:24-cr-00016,nced,70378502,426569286,6,2024-04-04,1,0,0,0,0,0,0,0,0,0
us-v-gholinejad,4:24-cr-00016,nced,70378502,426569287,7,2024-04-04,1,0,0,0,0,0,0,0,0,0
us-v-gholinejad,4:24-cr-00016,nced,70378502,426570278,,2025-01-08,1,0,0,0,0,0,0,0,0,0
us-v-gholinejad,4:24-cr-00016,nced,70378502,426570279,,2025-01-09,1,0,0,0,0,0,0,0,0,0
us-v-gholinejad,4:24-cr-00016,nced,70378502,426569292,10,2025-01-10,1,0,0,0,0,0,0,0,0,0
us-v-gholinejad,4:24-cr-00016,nced,70378502,426570280,,2025-01-10,1,0,0,0,0,0,0,0,0,0
us-v-gholinejad,4:24-cr-00016,nced,70378502,426570281,,2025-01-10,1,0,0,0,0,0,0,0,0,0
us-v-gholinejad,4:24-cr-00016,nced,70378502,426569293,12,2025-01-14,1,0,4,0,0,0,0,0,0,0
us-v-gholinejad,4:24-cr-00016,nced,70378502,426569294,13,2025-01-15,1,0,0,0,0,0,0,0,0,0
us-v-gholinejad,4:24-cr-00016,nced,70378502,426569295,14,2025-01-15,1,0,0,0,0,0,0,0,0,0
us-v-gholinejad,4:24-cr-00016,nced,70378502,426569296,15,2025-01-17,1,0,0,0,0,0,0,0,0,0
us-v-gholinejad,4:24-cr-00016,nced,70378502,426569299,16,2025-01-21,1,0,0,0,0,0,0,0,0,0
us-v-gholinejad,4:24-cr-00016,nced,70378502,426569300,17,2025-01-21,1,0,0,0,0,0,0,0,0,0
us-v-gholinejad,4:24-cr-00016,nced,70378502,426569301,18,2025-01-21,1,0,0,0,0,0,0,0,0,0
us-v-gholinejad,4:24-cr-00016,nced,70378502,426570282,,2025-01-21,1,0,0,0,0,0,0,0,0,0
us-v-gholinejad,4:24-cr-00016,nced,70378502,426570283,,2025-01-21,1,0,0,0,0,0,0,0,0,0
us-v-gholinejad,4:24-cr-00016,nced,70378502,426570284,,2025-02-24,1,0,0,0,0,0,0,0,0,0
us-v-gholinejad,4:24-cr-00016,nced,70378502,426569306,20,2025-02-25,1,0,0,0,0,0,0,0,0,0
us-v-gholinejad,4:24-cr-00016,nced,70378502,426569307,21,2025-02-25,1,0,0,0,0,0,0,0,0,0
us-v-gholinejad,4:24-cr-00016,nced,70378502,426570285,,2025-02-25,1,0,0,1,0,0,0,0,0,0
us-v-gholinejad,4:24-cr-00016,nced,70378502,426570286,,2025-02-25,1,0,0,0,0,0,0,0,0,0
us-v-gholinejad,4:24-cr-00016,nced,70378502,426570287,,2025-02-25,1,0,0,0,0,0,0,0,0,0
us-v-gholinejad,4:24-cr-00016,nced,70378502,426569308,22,2025-02-26,1,0,0,0,0,0,0,0,0,0
us-v-gholinejad,4:24-cr-00016,nced,70378502,426570288,,2025-04-24,1,0,0,0,0,0,0,0,0,0
us-v-gholinejad,4:24-cr-00016,nced,70378502,426569310,23,2025-05-01,1,0,0,0,0,0,0,0,0,0
us-v-gholinejad,4:24-cr-00016,nced,70378502,426569311,24,2025-05-01,1,0,0,0,0,0,0,0,0,0
us-v-gholinejad,4:24-cr-00016,nced,70378502,426569314,25,2025-05-02,1,0,0,0,0,0,0,0,0,0
us-v-gholinejad,4:24-cr-00016,nced,70378502,426570289,,2025-05-02,1,0,0,1,0,0,0,0,0,0
us-v-gholinejad,4:24-cr-00016,nced,70378502,426570290,,2025-05-02,1,0,0,0,0,0,0,0,0,0
us-v-gholinejad,4:24-cr-00016,nced,70378502,426570291,,2025-05-08,1,0,0,1,0,0,0,0,0,0
us-v-gholinejad,4:24-cr-00016,nced,70378502,426570292,,2025-05-14,1,0,0,1,0,0,0,0,0,0
us-v-gholinejad,4:24-cr-00016,nced,70378502,437050296,26,2025-05-27,1,0,0,0,1,0,0,0,0,0
us-v-gholinejad,4:24-cr-00016,nced,70378502,426564572,27,2025-05-27,1,0,0,0,0,0,0,0,0,0
us-v-gholinejad,4:24-cr-00016,nced,70378502,426564559,28,2025-05-27,1,0,0,0,0,0,0,0,0,0
us-v-gholinejad,4:24-cr-00016,nced,70378502,426570293,,2025-05-27,1,0,0,0,0,0,0,0,0,0
us-v-gholinejad,4:24-cr-00016,nced,70378502,426570294,,2025-05-27,1,0,0,0,0,0,0,0,0,0
us-v-gholinejad,4:24-cr-00016,nced,70378502,437050297,,2025-06-24,1,0,1,0,0,0,0,0,0,0
us-v-gholinejad,4:24-cr-00016,nced,70378502,429530188,29,2025-06-25,1,0,0,0,0,0,0,0,0,0
us-v-gholinejad,4:24-cr-00016,nced,70378502,429530183,30,2025-06-25,1,0,0,0,0,0,0,0,0,0
us-v-gholinejad,4:24-cr-00016,nced,70378502,437050298,,2025-06-25,1,0,0,0,0,0,0,0,0,0
us-v-gholinejad,4:24-cr-00016,nced,70378502,437050299,,2025-06-25,1,0,0,1,0,0,0,0,0,0
us-v-gholinejad,4:24-cr-00016,nced,70378502,430418402,31,2025-07-03,1,0,0,0,0,0,0,0,0,0
us-v-gholinejad,4:24-cr-00016,nced,70378502,439124658,32,2025-09-26,1,0,0,0,0,0,0,0,0,0
us-v-gholinejad,4:24-cr-00016,nced,70378502,440507771,33,2025-10-09,1,0,0,0,0,0,0,0,0,0
us-v-gholinejad,4:24-cr-00016,nced,70378502,440647757,34,2025-10-10,1,0,0,0,0,0,0,0,0,0
us-v-gholinejad,4:24-cr-00016,nced,70378502,464331184,,2025-10-21,1,0,0,1,0,0,0,0,0,0
us-v-gholinejad,4:24-cr-00016,nced,70378502,442033470,35,2025-10-24,1,0,0,0,0,0,0,0,0,0
us-v-gholinejad,4:24-cr-00016,nced,70378502,442372298,37,2025-10-28,1,0,0,0,0,0,0,0,0,0
us-v-gholinejad,4:24-cr-00016,nced,70378502,442372284,38,2025-10-28,1,0,0,0,0,0,0,0,0,0
us-v-gholinejad,4:24-cr-00016,nced,70378502,442975184,40,2025-11-03,1,0,0,0,1,0,0,0,0,0
us-v-gholinejad,4:24-cr-00016,nced,70378502,443235762,42,2025-11-03,1,0,0,0,0,0,0,0,0,0
us-v-gholinejad,4:24-cr-00016,nced,70378502,443368381,44,2025-11-06,1,0,0,0,0,0,0,0,0,0
us-v-gholinejad,4:24-cr-00016,nced,70378502,443381212,45,2025-11-06,1,0,0,0,0,0,0,0,0,0
us-v-gholinejad,4:24-cr-00016,nced,70378502,443967039,46,2025-11-13,1,0,0,0,0,0,0,0,0,0
us-v-gholinejad,4:24-cr-00016,nced,70378502,443967029,47,2025-11-13,1,0,0,0,0,0,0,0,0,0
us-v-gholinejad,4:24-cr-00016,nced,70378502,449198304,48,2026-01-05,1,0,0,0,0,0,0,0,0,0
us-v-gholinejad,4:24-cr-00016,nced,70378502,449198299,49,2026-01-05,1,0,0,0,0,0,0,0,2,0
us-v-gholinejad,4:24-cr-00016,nced,70378502,449797178,50,2026-01-09,1,0,0,0,0,0,0,0,0,0
us-v-gholinejad,4:24-cr-00016,nced,70378502,449797167,51,2026-01-09,1,0,0,0,0,0,0,0,2,0
us-v-gholinejad,4:24-cr-00016,nced,70378502,464331185,,2026-01-09,1,0,0,0,0,0,0,0,2,0
us-v-gholinejad,4:24-cr-00016,nced,70378502,464331186,,2026-04-13,1,0,0,0,0,0,0,0,0,4
us-v-mcgonigal,1:23-cr-00016,nysd,66749883,217249587,2,2023-01-12,1,0,0,0,0,0,0,0,0,0
us-v-mcgonigal,1:23-cr-00016,nysd,66749883,217278027,1,2023-01-18,1,0,0,0,0,0,0,0,0,0
us-v-mcgonigal,1:23-cr-00016,nysd,66749883,217249581,3,2023-01-23,1,0,0,0,0,0,0,0,0,0
us-v-mcgonigal,1:23-cr-00016,nysd,66749883,217316223,6,2023-01-23,1,0,0,0,0,0,0,0,0,0
us-v-mcgonigal,1:23-cr-00016,nysd,66749883,217316199,7,2023-01-23,1,0,0,0,0,0,0,0,0,0
us-v-mcgonigal,1:23-cr-00016,nysd,66749883,217315948,10,2023-01-23,1,0,0,0,1,0,0,0,0,0
us-v-mcgonigal,1:23-cr-00016,nysd,66749883,217315892,11,2023-01-23,1,0,0,0,0,0,0,0,0,0
us-v-mcgonigal,1:23-cr-00016,nysd,66749883,217278028,,2023-01-23,1,0,0,0,0,0,0,0,0,0
us-v-mcgonigal,1:23-cr-00016,nysd,66749883,217278030,,2023-01-23,1,0,0,0,0,0,0,0,0,0
us-v-mcgonigal,1:23-cr-00016,nysd,66749883,217278031,,2023-01-23,1,0,0,0,0,0,0,0,0,0
us-v-mcgonigal,1:23-cr-00016,nysd,66749883,217278032,,2023-01-23,1,0,0,0,0,0,0,0,0,0
us-v-mcgonigal,1:23-cr-00016,nysd,66749883,217316241,,2023-01-23,1,0,0,0,0,0,0,0,0,0
us-v-mcgonigal,1:23-cr-00016,nysd,66749883,217529342,,2023-01-23,1,0,0,0,0,0,0,0,0,0
us-v-mcgonigal,1:23-cr-00016,nysd,66749883,217529343,,2023-01-23,1,0,0,0,0,0,0,0,0,0
us-v-mcgonigal,1:23-cr-00016,nysd,66749883,217444283,12,2023-01-24,1,0,1,0,0,0,0,0,0,0
us-v-mcgonigal,1:23-cr-00016,nysd,66749883,217786267,15,2023-01-27,1,0,0,0,0,0,0,0,0,0
us-v-mcgonigal,1:23-cr-00016,nysd,66749883,218465009,16,2023-02-03,1,0,0,0,0,0,0,0,2,0
us-v-mcgonigal,1:23-cr-00016,nysd,66749883,218465007,17,2023-02-03,1,0,0,0,0,0,0,0,0,0
us-v-mcgonigal,1:23-cr-00016,nysd,66749883,218920582,20,2023-02-08,1,0,0,0,0,0,0,0,0,0
us-v-mcgonigal,1:23-cr-00016,nysd,66749883,219101483,,2023-02-09,1,0,1,0,1,0,0,0,0,0
us-v-mcgonigal,1:23-cr-00016,nysd,66749883,219168442,21,2023-02-10,1,0,0,0,0,0,0,0,0,0
us-v-mcgonigal,1:23-cr-00016,nysd,66749883,219559310,22,2023-02-15,1,0,0,0,0,0,0,0,0,0
us-v-mcgonigal,1:23-cr-00016,nysd,66749883,219690654,23,2023-02-16,1,0,0,0,0,0,0,0,0,0
us-v-mcgonigal,1:23-cr-00016,nysd,66749883,220028220,26,2023-02-21,1,0,0,0,0,0,0,0,2,0
us-v-mcgonigal,1:23-cr-00016,nysd,66749883,220028210,27,2023-02-21,1,0,0,0,0,0,0,0,0,0
us-v-mcgonigal,1:23-cr-00016,nysd,66749883,223649439,29,2023-02-28,1,0,0,0,0,0,0,0,0,0
us-v-mcgonigal,1:23-cr-00016,nysd,66749883,224483083,30,2023-03-01,1,0,0,0,0,0,0,0,0,0
us-v-mcgonigal,1:23-cr-00016,nysd,66749883,224984314,33,2023-03-03,1,0,0,0,0,0,0,0,0,0
us-v-mcgonigal,1:23-cr-00016,nysd,66749883,225092589,35,2023-03-03,1,0,0,0,0,0,0,0,0,0
us-v-mcgonigal,1:23-cr-00016,nysd,66749883,238384072,,2023-03-06,1,0,0,0,1,0,0,0,0,0
us-v-mcgonigal,1:23-cr-00016,nysd,66749883,230523822,37,2023-03-07,1,0,0,0,0,0,0,0,0,0
us-v-mcgonigal,1:23-cr-00016,nysd,66749883,238384070,,2023-03-08,1,0,0,0,0,0,0,0,0,0
us-v-mcgonigal,1:23-cr-00016,nysd,66749883,238384071,,2023-03-08,1,0,0,0,1,0,0,0,0,0
us-v-mcgonigal,1:23-cr-00016,nysd,66749883,257669901,38,2023-03-27,1,0,0,0,0,0,0,0,2,0
us-v-mcgonigal,1:23-cr-00016,nysd,66749883,257669892,39,2023-03-27,1,0,0,0,0,0,0,0,0,0
us-v-mcgonigal,1:23-cr-00016,nysd,66749883,265035358,40,2023-04-05,1,0,0,0,0,0,0,0,0,0
us-v-mcgonigal,1:23-cr-00016,nysd,66749883,271432012,41,2023-04-12,1,0,0,0,0,0,0,0,0,0
us-v-mcgonigal,1:23-cr-00016,nysd,66749883,271432011,42,2023-04-12,1,0,0,0,0,0,0,0,0,0
us-v-mcgonigal,1:23-cr-00016,nysd,66749883,315626227,43,2023-05-08,1,0,1,0,0,0,0,0,0,0
us-v-mcgonigal,1:23-cr-00016,nysd,66749883,316177607,44,2023-05-08,1,0,0,0,0,0,0,0,0,0
us-v-mcgonigal,1:23-cr-00016,nysd,66749883,317625004,45,2023-05-09,1,0,0,0,0,0,0,0,0,0
us-v-mcgonigal,1:23-cr-00016,nysd,66749883,358879148,,2023-05-10,1,0,0,0,1,0,0,0,0,0
us-v-mcgonigal,1:23-cr-00016,nysd,66749883,331170289,,2023-05-17,1,0,0,0,0,0,0,0,0,0
us-v-mcgonigal,1:23-cr-00016,nysd,66749883,358879147,,2023-05-17,1,0,0,0,0,0,0,0,0,0
us-v-mcgonigal,1:23-cr-00016,nysd,66749883,331170599,46,2023-05-30,1,0,2,0,0,0,4,0,0,0
us-v-mcgonigal,1:23-cr-00016,nysd,66749883,341977763,47,2023-06-02,1,0,0,0,0,0,0,0,0,0
us-v-mcgonigal,1:23-cr-00016,nysd,66749883,347317118,48,2023-06-23,1,0,0,0,0,0,0,0,0,0
us-v-mcgonigal,1:23-cr-00016,nysd,66749883,358331148,49,2023-07-10,1,0,0,0,0,0,0,0,0,0
us-v-mcgonigal,1:23-cr-00016,nysd,66749883,358373951,50,2023-07-10,1,0,0,0,0,0,0,0,0,0
us-v-mcgonigal,1:23-cr-00016,nysd,66749883,358391602,51,2023-07-10,1,0,0,0,0,0,0,0,0,0
us-v-mcgonigal,1:23-cr-00016,nysd,66749883,358842952,52,2023-07-14,1,0,0,0,0,0,0,0,0,0
us-v-mcgonigal,1:23-cr-00016,nysd,66749883,358856980,53,2023-07-14,1,0,0,0,0,1,0,0,0,0
us-v-mcgonigal,1:23-cr-00016,nysd,66749883,358879145,,2023-07-14,1,0,0,0,0,0,0,0,0,0
us-v-mcgonigal,1:23-cr-00016,nysd,66749883,361127317,54,2023-08-07,1,0,0,1,0,0,0,0,0,0
us-v-mcgonigal,1:23-cr-00016,nysd,66749883,361363920,55,2023-08-08,1,0,0,0,0,0,0,0,0,0
us-v-mcgonigal,1:23-cr-00016,nysd,66749883,362016132,56,2023-08-15,1,0,0,0,0,0,0,0,0,0
us-v-mcgonigal,1:23-cr-00016,nysd,66749883,362016057,57,2023-08-15,1,0,0,0,0,0,0,0,0,0
us-v-mcgonigal,1:23-cr-00016,nysd,66749883,362016050,58,2023-08-15,1,0,0,0,0,0,0,0,0,0
us-v-mcgonigal,1:23-cr-00016,nysd,66749883,362223653,,2023-08-15,1,0,0,0,0,0,0,0,0,0
us-v-mcgonigal,1:23-cr-00016,nysd,66749883,362223654,,2023-08-15,1,0,0,0,1,0,0,0,0,0
us-v-mcgonigal,1:23-cr-00016,nysd,66749883,362223655,,2023-08-15,1,0,0,0,0,0,0,0,0,0
us-v-mcgonigal,1:23-cr-00016,nysd,66749883,362368299,59,2023-08-18,1,0,0,0,0,0,0,0,2,0
us-v-mcgonigal,1:23-cr-00016,nysd,66749883,362368291,60,2023-08-18,1,0,0,0,0,0,0,0,0,0
us-v-mcgonigal,1:23-cr-00016,nysd,66749883,364923808,64,2023-09-14,1,0,0,0,0,0,0,0,0,0
us-v-mcgonigal,1:23-cr-00016,nysd,66749883,364973309,65,2023-09-15,1,0,0,0,0,0,1,0,0,1
us-v-mcgonigal,1:23-cr-00016,nysd,66749883,365011533,66,2023-09-15,1,0,0,0,0,0,0,0,0,0
us-v-mcgonigal,1:23-cr-00016,nysd,66749883,365029471,67,2023-09-15,1,0,0,1,0,0,1,0,0,0
us-v-mcgonigal,1:23-cr-00016,nysd,66749883,365607706,70,2023-09-20,1,0,0,0,0,0,0,0,0,0
us-v-mcgonigal,1:23-cr-00016,nysd,66749883,365420797,71,2023-09-20,1,0,0,0,0,0,0,0,0,0
us-v-mcgonigal,1:23-cr-00016,nysd,66749883,365430023,72,2023-09-20,1,0,0,0,0,0,0,1,0,0
us-v-mcgonigal,1:23-cr-00016,nysd,66749883,365430014,73,2023-09-20,1,0,0,0,0,0,0,0,0,0
us-v-mcgonigal,1:23-cr-00016,nysd,66749883,365526552,74,2023-09-21,1,0,0,0,0,0,0,0,0,0
us-v-mcgonigal,1:23-cr-00016,nysd,66749883,372845117,,2023-10-31,1,0,0,0,0,0,0,0,0,0
us-v-mcgonigal,1:23-cr-00016,nysd,66749883,371998452,92,2023-11-30,1,0,0,0,0,0,1,0,0,0
us-v-mcgonigal,1:23-cr-00016,nysd,66749883,372039202,93,2023-11-30,1,0,0,0,0,0,0,0,1,0
us-v-mcgonigal,1:23-cr-00016,nysd,66749883,372133429,94,2023-12-01,1,0,0,0,0,0,0,0,0,0
us-v-mcgonigal,1:23-cr-00016,nysd,66749883,372683799,95,2023-12-07,1,0,0,0,0,0,0,0,0,0
us-v-mcgonigal,1:23-cr-00016,nysd,66749883,372692727,96,2023-12-07,1,0,0,0,0,0,0,0,0,0
us-v-mcgonigal,1:23-cr-00016,nysd,66749883,373755076,,2023-12-14,1,0,0,0,0,0,0,0,0,0
us-v-mcgonigal,1:23-cr-00016,nysd,66749883,373606601,97,2023-12-18,1,0,0,0,1,0,0,0,0,0
us-v-mcgonigal,1:23-cr-00016,nysd,66749883,373755075,,2023-12-18,1,0,0,0,0,0,0,0,0,0
us-v-mcgonigal,1:23-cr-00016,nysd,66749883,374407745,98,2023-12-29,1,0,0,0,0,0,0,0,2,0
us-v-mcgonigal,1:23-cr-00016,nysd,66749883,374407741,99,2023-12-29,1,0,0,0,0,0,0,0,0,0
us-v-mcgonigal,1:23-cr-00016,nysd,66749883,380961185,106,2024-03-12,1,0,0,0,0,0,0,0,0,0
us-v-mcgonigal,1:23-cr-00016,nysd,66749883,381008834,107,2024-03-13,1,0,0,0,0,0,1,0,0,0
us-v-mcgonigal,1:23-cr-00016,nysd,66749883,381068671,108,2024-03-13,1,0,0,0,0,0,0,0,1,0
us-v-mcgonigal,1:23-cr-00016,nysd,66749883,381116700,109,2024-03-14,1,0,0,0,0,0,0,1,0,0
us-v-mcgonigal,1:23-cr-00016,nysd,66749883,391750638,117,2024-05-28,1,0,0,0,0,0,0,0,0,0
us-v-mcgonigal,1:23-cr-00016,nysd,66749883,391750595,118,2024-05-28,1,0,0,0,0,0,1,0,0,0
us-v-mcgonigal,1:23-cr-00016,nysd,66749883,391869352,119,2024-05-28,1,0,0,0,0,0,0,0,0,0
us-v-mcgonigal,1:23-cr-00016,nysd,66749883,391869337,120,2024-05-28,1,0,0,0,0,0,0,0,0,0
us-v-mcgonigal,1:23-cr-00016,nysd,66749883,396791589,124,2024-07-01,1,0,0,0,0,0,0,0,0,0
us-v-mcgonigal,1:23-cr-00016,nysd,66749883,416886450,179,2024-11-27,1,0,0,0,0,0,0,0,0,0
us-v-mcgonigal,1:23-cr-00016,nysd,66749883,409697007,181,2024-11-29,1,0,0,0,0,0,0,0,0,0
us-v-mcgonigal,1:23-cr-00016,nysd,66749883,409828557,183,2024-12-02,1,0,0,0,0,0,0,0,0,0
us-v-mcgonigal,1:23-cr-00016,nysd,66749883,410742536,188,2024-12-11,1,0,0,0,0,0,0,0,0,0
us-v-mcgonigal,1:23-cr-00016,nysd,66749883,411227661,189,2024-12-16,1,0,0,0,0,0,0,0,0,0
us-v-mcgonigal,1:23-cr-00016,nysd,66749883,412676462,196,2025-01-06,1,0,0,0,0,0,0,0,0,0
us-v-mcgonigal,1:23-cr-00016,nysd,66749883,413228782,207,2025-01-10,1,0,0,0,0,0,0,0,0,0
us-v-mcgonigal,1:23-cr-00016,nysd,66749883,413228774,208,2025-01-10,1,0,0,0,0,0,0,0,0,0
us-v-mcgonigal,1:23-cr-00016,nysd,66749883,413307015,210,2025-01-13,1,0,0,0,0,0,1,0,0,0
us-v-mcgonigal,1:23-cr-00016,nysd,66749883,416886449,,2025-01-13,1,0,0,0,0,0,0,2,0,0
us-v-mcgonigal,1:23-cr-00016,nysd,66749883,413945094,213,2025-01-17,1,0,0,0,0,0,0,0,1,0
us-v-mcgonigal,1:23-cr-00016,nysd,66749883,428424935,,2025-05-12,1,0,0,0,0,0,0,0,0,0
us-v-mcgonigal,1:23-cr-00016,nysd,66749883,428424934,265,2025-05-30,1,0,0,0,0,0,0,0,0,0
us-v-schmitz,1:24-cr-00234,njd,73353898,464331630,1,2024-04-03,1,0,0,0,0,0,0,0,0,0
us-v-schmitz,1:24-cr-00234,njd,73292090,464331640,2,2024-04-03,1,0,0,0,0,0,0,0,0,0
us-v-schmitz,1:24-cr-00234,njd,73292090,464331641,,2024-04-05,1,0,0,0,0,0,0,0,0,0
us-v-schmitz,1:24-cr-00234,njd,73292090,464331642,4,2024-08-23,1,0,0,0,0,0,0,0,0,0
us-v-schmitz,1:24-cr-00234,njd,73292090,464331643,5,2025-09-23,1,0,0,0,0,0,0,0,0,0
us-v-schmitz,1:24-cr-00234,njd,73292090,462897553,6,2026-04-30,1,0,0,0,1,0,0,0,0,0
us-v-schmitz,1:24-cr-00234,njd,73292090,462897548,7,2026-04-30,1,0,0,0,0,0,0,0,0,0
us-v-schmitz,1:24-cr-00234,njd,73292090,462897544,8,2026-04-30,1,0,0,0,0,0,0,0,0,0
us-v-schmitz,1:24-cr-00234,njd,73292090,464173856,9,2026-05-15,1,0,0,0,0,0,0,0,0,0
us-v-schmitz,1:24-cr-00234,njd,73292090,464371371,10,2026-05-18,1,0,0,0,0,0,0,0,0,0
us-v-schmitz,1:24-cr-00234,njd,73292090,464559214,11,2026-05-19,1,0,0,0,0,0,0,1,0,0
